{
    "coherence": {
        "correlation": {
            "Pearson": 0.35769472513606637,
            "Spearman": 0.3549621069910198,
            "Kendall": 0.3081803996684045
        },
        "human_scores_distribution": {
            "1.0": 7,
            "1.3333333333333333": 14,
            "1.6666666666666667": 61,
            "2.0": 54,
            "2.3333333333333335": 62,
            "2.6666666666666665": 65,
            "3.0": 61,
            "3.3333333333333335": 64,
            "3.6666666666666665": 69,
            "4.0": 87,
            "4.333333333333333": 138,
            "4.666666666666667": 62,
            "5.0": 56
        },
        "auto_scores_distribution": {
            "1.0": 64,
            "2.0": 425,
            "3.0": 282,
            "4.0": 28,
            "5.0": 1
        },
        "human_scores_entropy": 3.5072873068688777,
        "auto_scores_entropy": 1.4878936805500687,
        "kl_divergence": 1.2509681096660579
    },
    "consistency": {
        "correlation": {
            "Pearson": 0.5725544554672044,
            "Spearman": 0.5118154502277095,
            "Kendall": 0.48061033672275966
        },
        "human_scores_distribution": {
            "1.0": 10,
            "1.3333333333333333": 14,
            "1.6666666666666667": 18,
            "2.0": 11,
            "2.3333333333333335": 12,
            "2.6666666666666665": 15,
            "3.0": 2,
            "3.6666666666666665": 4,
            "4.0": 5,
            "4.333333333333333": 23,
            "4.666666666666667": 44,
            "5.0": 642
        },
        "auto_scores_distribution": {
            "1.0": 22,
            "2.0": 64,
            "3.0": 156,
            "4.0": 521,
            "5.0": 37
        },
        "human_scores_entropy": 1.3254913847150478,
        "auto_scores_entropy": 1.5020090294898432,
        "kl_divergence": 2.3249493852376224
    },
    "fluency": {
        "correlation": {
            "Pearson": 0.3778802071927986,
            "Spearman": 0.32068788753690874,
            "Kendall": 0.2994092776576472
        },
        "human_scores_distribution": {
            "1.0": 4,
            "1.3333333333333333": 3,
            "1.6666666666666667": 9,
            "2.0": 7,
            "2.3333333333333335": 6,
            "2.6666666666666665": 12,
            "3.0": 14,
            "3.3333333333333335": 6,
            "3.6666666666666665": 14,
            "4.0": 19,
            "4.333333333333333": 52,
            "4.666666666666667": 87,
            "5.0": 567
        },
        "auto_scores_distribution": {
            "1.0": 79,
            "2.0": 493,
            "3.0": 212,
            "4.0": 16
        },
        "human_scores_entropy": 1.6867118154193292,
        "auto_scores_entropy": 1.3808291562650998,
        "kl_divergence": -0.004906160334444826
    },
    "relevance": {
        "correlation": {
            "Pearson": 0.5105798291320586,
            "Spearman": 0.4718758924292782,
            "Kendall": 0.41436351398198584
        },
        "human_scores_distribution": {
            "1.0": 5,
            "1.3333333333333333": 5,
            "1.6666666666666667": 15,
            "2.0": 21,
            "2.3333333333333335": 28,
            "2.6666666666666665": 44,
            "3.0": 57,
            "3.3333333333333335": 71,
            "3.6666666666666665": 110,
            "4.0": 163,
            "4.333333333333333": 165,
            "4.666666666666667": 76,
            "5.0": 40
        },
        "auto_scores_distribution": {
            "1.0": 23,
            "2.0": 134,
            "3.0": 367,
            "4.0": 276
        },
        "human_scores_entropy": 3.1876761286667534,
        "auto_scores_entropy": 1.6244097755561167,
        "kl_divergence": 0.020375993270136505
    },
    "average": {
        "Pearson": 0.454677304232032,
        "Spearman": 0.4148353342962291,
        "Kendall": 0.3756408820076993
    }
}