{
    "coherence": {
        "correlation": {
            "Pearson": 0.4487665598127186,
            "Spearman": 0.43592047598771166,
            "Kendall": 0.37746643957358084
        },
        "human_scores_distribution": {
            "1.0": 7,
            "1.3333333333333333": 14,
            "1.6666666666666667": 61,
            "2.0": 54,
            "2.3333333333333335": 62,
            "2.6666666666666665": 65,
            "3.0": 61,
            "3.3333333333333335": 64,
            "3.6666666666666665": 69,
            "4.0": 87,
            "4.333333333333333": 138,
            "4.666666666666667": 62,
            "5.0": 56
        },
        "auto_scores_distribution": {
            "1.0": 63,
            "2.0": 294,
            "3.0": 302,
            "4.0": 140,
            "5.0": 1
        },
        "human_scores_entropy": 3.5072873068688777,
        "auto_scores_entropy": 1.802143492011156,
        "kl_divergence": 0.725172289039054
    },
    "consistency": {
        "correlation": {
            "Pearson": 0.49162826093699546,
            "Spearman": 0.4504947597666282,
            "Kendall": 0.41949070170059655
        },
        "human_scores_distribution": {
            "1.0": 10,
            "1.3333333333333333": 14,
            "1.6666666666666667": 18,
            "2.0": 11,
            "2.3333333333333335": 12,
            "2.6666666666666665": 15,
            "3.0": 2,
            "3.6666666666666665": 4,
            "4.0": 5,
            "4.333333333333333": 23,
            "4.666666666666667": 44,
            "5.0": 642
        },
        "auto_scores_distribution": {
            "1.0": 28,
            "2.0": 178,
            "3.0": 204,
            "4.0": 376,
            "5.0": 14
        },
        "human_scores_entropy": 1.3254913847150478,
        "auto_scores_entropy": 1.768494145485456,
        "kl_divergence": 3.1060071507695692
    },
    "fluency": {
        "correlation": {
            "Pearson": 0.3629199333741424,
            "Spearman": 0.3059629569872564,
            "Kendall": 0.2867381597363981
        },
        "human_scores_distribution": {
            "1.0": 4,
            "1.3333333333333333": 3,
            "1.6666666666666667": 9,
            "2.0": 7,
            "2.3333333333333335": 6,
            "2.6666666666666665": 12,
            "3.0": 14,
            "3.3333333333333335": 6,
            "3.6666666666666665": 14,
            "4.0": 19,
            "4.333333333333333": 52,
            "4.666666666666667": 87,
            "5.0": 567
        },
        "auto_scores_distribution": {
            "1.0": 94,
            "2.0": 473,
            "3.0": 223,
            "4.0": 10
        },
        "human_scores_entropy": 1.6867118154193292,
        "auto_scores_entropy": 1.4039990706768077,
        "kl_divergence": 0.04262602386826006
    },
    "relevance": {
        "correlation": {
            "Pearson": 0.5065172812310105,
            "Spearman": 0.4767025631947519,
            "Kendall": 0.4187863009323807
        },
        "human_scores_distribution": {
            "1.0": 5,
            "1.3333333333333333": 5,
            "1.6666666666666667": 15,
            "2.0": 21,
            "2.3333333333333335": 28,
            "2.6666666666666665": 44,
            "3.0": 57,
            "3.3333333333333335": 71,
            "3.6666666666666665": 110,
            "4.0": 163,
            "4.333333333333333": 165,
            "4.666666666666667": 76,
            "5.0": 40
        },
        "auto_scores_distribution": {
            "1.0": 45,
            "2.0": 151,
            "3.0": 434,
            "4.0": 170
        },
        "human_scores_entropy": 3.1876761286667534,
        "auto_scores_entropy": 1.6410534410281803,
        "kl_divergence": 0.23169923909326773
    },
    "average": {
        "Pearson": 0.4524580088387168,
        "Spearman": 0.417270188984087,
        "Kendall": 0.375620400485739
    }
}