{
    "coherence": {
        "correlation": {
            "Pearson": 0.48365871767321755,
            "Spearman": 0.476074654552717,
            "Kendall": 0.4113608477783776
        },
        "human_scores_distribution": {
            "1.0": 7,
            "1.3333333333333333": 14,
            "1.6666666666666667": 61,
            "2.0": 54,
            "2.3333333333333335": 62,
            "2.6666666666666665": 65,
            "3.0": 61,
            "3.3333333333333335": 64,
            "3.6666666666666665": 69,
            "4.0": 87,
            "4.333333333333333": 138,
            "4.666666666666667": 62,
            "5.0": 56
        },
        "auto_scores_distribution": {
            "1.0": 57,
            "2.0": 281,
            "3.0": 336,
            "4.0": 119,
            "5.0": 7
        },
        "human_scores_entropy": 3.5072873068688777,
        "auto_scores_entropy": 1.7961037158607467,
        "kl_divergence": 0.48517200849981107
    },
    "consistency": {
        "correlation": {
            "Pearson": 0.5241875403023586,
            "Spearman": 0.4797425224504756,
            "Kendall": 0.4423973824880457
        },
        "human_scores_distribution": {
            "1.0": 10,
            "1.3333333333333333": 14,
            "1.6666666666666667": 18,
            "2.0": 11,
            "2.3333333333333335": 12,
            "2.6666666666666665": 15,
            "3.0": 2,
            "3.6666666666666665": 4,
            "4.0": 5,
            "4.333333333333333": 23,
            "4.666666666666667": 44,
            "5.0": 642
        },
        "auto_scores_distribution": {
            "1.0": 39,
            "2.0": 138,
            "3.0": 142,
            "4.0": 307,
            "5.0": 174
        },
        "human_scores_entropy": 1.3254913847150478,
        "auto_scores_entropy": 2.10147314184097,
        "kl_divergence": 0.9640212140749951
    },
    "fluency": {
        "correlation": {
            "Pearson": 0.34832649127273746,
            "Spearman": 0.2951451045242618,
            "Kendall": 0.27508418755618663
        },
        "human_scores_distribution": {
            "1.0": 4,
            "1.3333333333333333": 3,
            "1.6666666666666667": 9,
            "2.0": 7,
            "2.3333333333333335": 6,
            "2.6666666666666665": 12,
            "3.0": 14,
            "3.3333333333333335": 6,
            "3.6666666666666665": 14,
            "4.0": 19,
            "4.333333333333333": 52,
            "4.666666666666667": 87,
            "5.0": 567
        },
        "auto_scores_distribution": {
            "1.0": 88,
            "2.0": 517,
            "3.0": 167,
            "4.0": 26,
            "5.0": 2
        },
        "human_scores_entropy": 1.6867118154193292,
        "auto_scores_entropy": 1.4113954208900517,
        "kl_divergence": 4.684093567257059
    },
    "relevance": {
        "correlation": {
            "Pearson": 0.48763723561250694,
            "Spearman": 0.477897384130542,
            "Kendall": 0.4119543604187816
        },
        "human_scores_distribution": {
            "1.0": 5,
            "1.3333333333333333": 5,
            "1.6666666666666667": 15,
            "2.0": 21,
            "2.3333333333333335": 28,
            "2.6666666666666665": 44,
            "3.0": 57,
            "3.3333333333333335": 71,
            "3.6666666666666665": 110,
            "4.0": 163,
            "4.333333333333333": 165,
            "4.666666666666667": 76,
            "5.0": 40
        },
        "auto_scores_distribution": {
            "1.0": 37,
            "2.0": 209,
            "3.0": 263,
            "4.0": 255,
            "5.0": 36
        },
        "human_scores_entropy": 3.1876761286667534,
        "auto_scores_entropy": 1.9657299975647458,
        "kl_divergence": 0.26350133595378755
    },
    "average": {
        "Pearson": 0.4609524962152052,
        "Spearman": 0.43221491641449916,
        "Kendall": 0.3851991945603479
    }
}