{
    "coherence": {
        "correlation": {
            "Pearson": 0.46147559946480987,
            "Spearman": 0.45135894842410657,
            "Kendall": 0.3878345366983458
        },
        "human_scores_distribution": {
            "1.0": 7,
            "1.3333333333333333": 14,
            "1.6666666666666667": 61,
            "2.0": 54,
            "2.3333333333333335": 62,
            "2.6666666666666665": 65,
            "3.0": 61,
            "3.3333333333333335": 64,
            "3.6666666666666665": 69,
            "4.0": 87,
            "4.333333333333333": 138,
            "4.666666666666667": 62,
            "5.0": 56
        },
        "auto_scores_distribution": {
            "1.0": 56,
            "2.0": 361,
            "3.0": 298,
            "4.0": 85
        },
        "human_scores_entropy": 3.5072873068688777,
        "auto_scores_entropy": 1.6609487035110706,
        "kl_divergence": 0.1657118539891081
    },
    "consistency": {
        "correlation": {
            "Pearson": 0.511803576678542,
            "Spearman": 0.46095923105545744,
            "Kendall": 0.4271864654946396
        },
        "human_scores_distribution": {
            "1.0": 10,
            "1.3333333333333333": 14,
            "1.6666666666666667": 18,
            "2.0": 11,
            "2.3333333333333335": 12,
            "2.6666666666666665": 15,
            "3.0": 2,
            "3.6666666666666665": 4,
            "4.0": 5,
            "4.333333333333333": 23,
            "4.666666666666667": 44,
            "5.0": 642
        },
        "auto_scores_distribution": {
            "1.0": 31,
            "2.0": 168,
            "3.0": 211,
            "4.0": 317,
            "5.0": 73
        },
        "human_scores_entropy": 1.3254913847150478,
        "auto_scores_entropy": 2.006053681251632,
        "kl_divergence": 1.6959501716219902
    },
    "fluency": {
        "correlation": {
            "Pearson": 0.3324853615148954,
            "Spearman": 0.2894361929652762,
            "Kendall": 0.2711939153197941
        },
        "human_scores_distribution": {
            "1.0": 4,
            "1.3333333333333333": 3,
            "1.6666666666666667": 9,
            "2.0": 7,
            "2.3333333333333335": 6,
            "2.6666666666666665": 12,
            "3.0": 14,
            "3.3333333333333335": 6,
            "3.6666666666666665": 14,
            "4.0": 19,
            "4.333333333333333": 52,
            "4.666666666666667": 87,
            "5.0": 567
        },
        "auto_scores_distribution": {
            "1.0": 81,
            "2.0": 594,
            "3.0": 111,
            "4.0": 14
        },
        "human_scores_entropy": 1.6867118154193292,
        "auto_scores_entropy": 1.1509605171960025,
        "kl_divergence": 0.02981985267570164
    },
    "relevance": {
        "correlation": {
            "Pearson": 0.4930866825023563,
            "Spearman": 0.47331277120475873,
            "Kendall": 0.4135912200224331
        },
        "human_scores_distribution": {
            "1.0": 5,
            "1.3333333333333333": 5,
            "1.6666666666666667": 15,
            "2.0": 21,
            "2.3333333333333335": 28,
            "2.6666666666666665": 44,
            "3.0": 57,
            "3.3333333333333335": 71,
            "3.6666666666666665": 110,
            "4.0": 163,
            "4.333333333333333": 165,
            "4.666666666666667": 76,
            "5.0": 40
        },
        "auto_scores_distribution": {
            "1.0": 23,
            "2.0": 230,
            "3.0": 305,
            "4.0": 238,
            "5.0": 4
        },
        "human_scores_entropy": 3.1876761286667534,
        "auto_scores_entropy": 1.7531884131858073,
        "kl_divergence": 0.5863017734065388
    },
    "average": {
        "Pearson": 0.4497128050401509,
        "Spearman": 0.41876678591239974,
        "Kendall": 0.37495153438380313
    }
}