{
    "coherence": {
        "correlation": {
            "Pearson": 0.4577689474269658,
            "Spearman": 0.4485333861488951,
            "Kendall": 0.3855820992937036
        },
        "human_scores_distribution": {
            "1.0": 7,
            "1.3333333333333333": 14,
            "1.6666666666666667": 61,
            "2.0": 54,
            "2.3333333333333335": 62,
            "2.6666666666666665": 65,
            "3.0": 61,
            "3.3333333333333335": 64,
            "3.6666666666666665": 69,
            "4.0": 87,
            "4.333333333333333": 138,
            "4.666666666666667": 62,
            "5.0": 56
        },
        "auto_scores_distribution": {
            "1.0": 33,
            "2.0": 210,
            "3.0": 383,
            "4.0": 172,
            "5.0": 2
        },
        "human_scores_entropy": 3.5072873068688777,
        "auto_scores_entropy": 1.7033887831063073,
        "kl_divergence": 0.5822690021142917
    },
    "consistency": {
        "correlation": {
            "Pearson": 0.527012477788171,
            "Spearman": 0.4580805936972456,
            "Kendall": 0.42667952285323113
        },
        "human_scores_distribution": {
            "1.0": 10,
            "1.3333333333333333": 14,
            "1.6666666666666667": 18,
            "2.0": 11,
            "2.3333333333333335": 12,
            "2.6666666666666665": 15,
            "3.0": 2,
            "3.6666666666666665": 4,
            "4.0": 5,
            "4.333333333333333": 23,
            "4.666666666666667": 44,
            "5.0": 642
        },
        "auto_scores_distribution": {
            "1.0": 32,
            "2.0": 133,
            "3.0": 259,
            "4.0": 372,
            "5.0": 4
        },
        "human_scores_entropy": 1.3254913847150478,
        "auto_scores_entropy": 1.6947649545688956,
        "kl_divergence": 4.186536733729461
    },
    "fluency": {
        "correlation": {
            "Pearson": 0.36605663409300165,
            "Spearman": 0.3383781824772256,
            "Kendall": 0.31929598387753416
        },
        "human_scores_distribution": {
            "1.0": 4,
            "1.3333333333333333": 3,
            "1.6666666666666667": 9,
            "2.0": 7,
            "2.3333333333333335": 6,
            "2.6666666666666665": 12,
            "3.0": 14,
            "3.3333333333333335": 6,
            "3.6666666666666665": 14,
            "4.0": 19,
            "4.333333333333333": 52,
            "4.666666666666667": 87,
            "5.0": 567
        },
        "auto_scores_distribution": {
            "1.0": 48,
            "2.0": 377,
            "3.0": 354,
            "4.0": 21
        },
        "human_scores_entropy": 1.6867118154193292,
        "auto_scores_entropy": 1.4133888903439282,
        "kl_divergence": -0.042570623648056166
    },
    "relevance": {
        "correlation": {
            "Pearson": 0.45368742386949507,
            "Spearman": 0.423163125190954,
            "Kendall": 0.3690356267377608
        },
        "human_scores_distribution": {
            "1.0": 5,
            "1.3333333333333333": 5,
            "1.6666666666666667": 15,
            "2.0": 21,
            "2.3333333333333335": 28,
            "2.6666666666666665": 44,
            "3.0": 57,
            "3.3333333333333335": 71,
            "3.6666666666666665": 110,
            "4.0": 163,
            "4.333333333333333": 165,
            "4.666666666666667": 76,
            "5.0": 40
        },
        "auto_scores_distribution": {
            "1.0": 26,
            "2.0": 113,
            "3.0": 408,
            "4.0": 253
        },
        "human_scores_entropy": 3.1876761286667534,
        "auto_scores_entropy": 1.5801829780914556,
        "kl_divergence": 0.057348706479728145
    },
    "average": {
        "Pearson": 0.45113137079440835,
        "Spearman": 0.41703882187858005,
        "Kendall": 0.37514830819055744
    }
}