{
    "coherence": {
        "correlation": {
            "Pearson": 0.2638202172367996,
            "Spearman": 0.2583793520479158,
            "Kendall": 0.22039879074729407
        },
        "human_scores_distribution": {
            "1.0": 7,
            "1.3333333333333333": 14,
            "1.6666666666666667": 61,
            "2.0": 54,
            "2.3333333333333335": 62,
            "2.6666666666666665": 65,
            "3.0": 61,
            "3.3333333333333335": 64,
            "3.6666666666666665": 69,
            "4.0": 87,
            "4.333333333333333": 138,
            "4.666666666666667": 62,
            "5.0": 56
        },
        "auto_scores_distribution": {
            "1.0": 38,
            "2.0": 421,
            "3.0": 274,
            "4.0": 67
        },
        "human_scores_entropy": 3.5072873068688777,
        "auto_scores_entropy": 1.5252914571326446,
        "kl_divergence": 0.24926400991888925
    },
    "consistency": {
        "correlation": {
            "Pearson": 0.5000408270983022,
            "Spearman": 0.45211404401341737,
            "Kendall": 0.4166096084132555
        },
        "human_scores_distribution": {
            "1.0": 10,
            "1.3333333333333333": 14,
            "1.6666666666666667": 18,
            "2.0": 11,
            "2.3333333333333335": 12,
            "2.6666666666666665": 15,
            "3.0": 2,
            "3.6666666666666665": 4,
            "4.0": 5,
            "4.333333333333333": 23,
            "4.666666666666667": 44,
            "5.0": 642
        },
        "auto_scores_distribution": {
            "1.0": 36,
            "2.0": 180,
            "3.0": 286,
            "4.0": 294,
            "5.0": 4
        },
        "human_scores_entropy": 1.3254913847150478,
        "auto_scores_entropy": 1.7850090284100057,
        "kl_divergence": 4.174799930681583
    },
    "fluency": {
        "correlation": {
            "Pearson": 0.39618547094791073,
            "Spearman": 0.36039994381692286,
            "Kendall": 0.33790700934191564
        },
        "human_scores_distribution": {
            "1.0": 4,
            "1.3333333333333333": 3,
            "1.6666666666666667": 9,
            "2.0": 7,
            "2.3333333333333335": 6,
            "2.6666666666666665": 12,
            "3.0": 14,
            "3.3333333333333335": 6,
            "3.6666666666666665": 14,
            "4.0": 19,
            "4.333333333333333": 52,
            "4.666666666666667": 87,
            "5.0": 567
        },
        "auto_scores_distribution": {
            "1.0": 83,
            "2.0": 415,
            "3.0": 283,
            "4.0": 19
        },
        "human_scores_entropy": 1.6867118154193292,
        "auto_scores_entropy": 1.4888328126923813,
        "kl_divergence": -0.03041551868105541
    },
    "relevance": {
        "correlation": {
            "Pearson": 0.4941256191751771,
            "Spearman": 0.4622963743032129,
            "Kendall": 0.40650088994800315
        },
        "human_scores_distribution": {
            "1.0": 5,
            "1.3333333333333333": 5,
            "1.6666666666666667": 15,
            "2.0": 21,
            "2.3333333333333335": 28,
            "2.6666666666666665": 44,
            "3.0": 57,
            "3.3333333333333335": 71,
            "3.6666666666666665": 110,
            "4.0": 163,
            "4.333333333333333": 165,
            "4.666666666666667": 76,
            "5.0": 40
        },
        "auto_scores_distribution": {
            "1.0": 47,
            "2.0": 167,
            "3.0": 475,
            "4.0": 111
        },
        "human_scores_entropy": 3.1876761286667534,
        "auto_scores_entropy": 1.553954048442756,
        "kl_divergence": 0.437072308176529
    },
    "average": {
        "Pearson": 0.4135430336145474,
        "Spearman": 0.38329742854536725,
        "Kendall": 0.3453540746126171
    }
}