{
    "coherence": {
        "correlation": {
            "Pearson": 0.45583009210083447,
            "Spearman": 0.4608915615947262,
            "Kendall": 0.39809285541535544
        },
        "human_scores_distribution": {
            "1.0": 7,
            "1.3333333333333333": 14,
            "1.6666666666666667": 61,
            "2.0": 54,
            "2.3333333333333335": 62,
            "2.6666666666666665": 65,
            "3.0": 61,
            "3.3333333333333335": 64,
            "3.6666666666666665": 69,
            "4.0": 87,
            "4.333333333333333": 138,
            "4.666666666666667": 62,
            "5.0": 56
        },
        "auto_scores_distribution": {
            "1.0": 62,
            "2.0": 386,
            "3.0": 265,
            "4.0": 87
        },
        "human_scores_entropy": 3.5072873068688777,
        "auto_scores_entropy": 1.6693630180588452,
        "kl_divergence": 0.16755226107846577
    },
    "consistency": {
        "correlation": {
            "Pearson": 0.5213633940140349,
            "Spearman": 0.46804644857879696,
            "Kendall": 0.4341439931620336
        },
        "human_scores_distribution": {
            "1.0": 10,
            "1.3333333333333333": 14,
            "1.6666666666666667": 18,
            "2.0": 11,
            "2.3333333333333335": 12,
            "2.6666666666666665": 15,
            "3.0": 2,
            "3.6666666666666665": 4,
            "4.0": 5,
            "4.333333333333333": 23,
            "4.666666666666667": 44,
            "5.0": 642
        },
        "auto_scores_distribution": {
            "1.0": 42,
            "2.0": 165,
            "3.0": 208,
            "4.0": 377,
            "5.0": 8
        },
        "human_scores_entropy": 1.3254913847150478,
        "auto_scores_entropy": 1.7761854805460981,
        "kl_divergence": 3.5770815610092264
    },
    "fluency": {
        "correlation": {
            "Pearson": 0.38532009623692887,
            "Spearman": 0.33226687128093146,
            "Kendall": 0.3111503667927019
        },
        "human_scores_distribution": {
            "1.0": 4,
            "1.3333333333333333": 3,
            "1.6666666666666667": 9,
            "2.0": 7,
            "2.3333333333333335": 6,
            "2.6666666666666665": 12,
            "3.0": 14,
            "3.3333333333333335": 6,
            "3.6666666666666665": 14,
            "4.0": 19,
            "4.333333333333333": 52,
            "4.666666666666667": 87,
            "5.0": 567
        },
        "auto_scores_distribution": {
            "1.0": 106,
            "2.0": 510,
            "3.0": 173,
            "4.0": 11
        },
        "human_scores_entropy": 1.6867118154193292,
        "auto_scores_entropy": 1.3632008745648743,
        "kl_divergence": 0.03953208984019904
    },
    "relevance": {
        "correlation": {
            "Pearson": 0.4918442000889136,
            "Spearman": 0.467389727160037,
            "Kendall": 0.40871456847662757
        },
        "human_scores_distribution": {
            "1.0": 5,
            "1.3333333333333333": 5,
            "1.6666666666666667": 15,
            "2.0": 21,
            "2.3333333333333335": 28,
            "2.6666666666666665": 44,
            "3.0": 57,
            "3.3333333333333335": 71,
            "3.6666666666666665": 110,
            "4.0": 163,
            "4.333333333333333": 165,
            "4.666666666666667": 76,
            "5.0": 40
        },
        "auto_scores_distribution": {
            "1.0": 41,
            "2.0": 185,
            "3.0": 422,
            "4.0": 152
        },
        "human_scores_entropy": 3.1876761286667534,
        "auto_scores_entropy": 1.6501636371963293,
        "kl_divergence": 0.2839202817560472
    },
    "average": {
        "Pearson": 0.46358944561017795,
        "Spearman": 0.43214865215362286,
        "Kendall": 0.3880254459616796
    }
}