{
    "coherence": {
        "correlation": {
            "Pearson": 0.4752264433998316,
            "Spearman": 0.4683561702222699,
            "Kendall": 0.40311801527203966
        },
        "human_scores_distribution": {
            "1.0": 7,
            "1.3333333333333333": 14,
            "1.6666666666666667": 61,
            "2.0": 54,
            "2.3333333333333335": 62,
            "2.6666666666666665": 65,
            "3.0": 61,
            "3.3333333333333335": 64,
            "3.6666666666666665": 69,
            "4.0": 87,
            "4.333333333333333": 138,
            "4.666666666666667": 62,
            "5.0": 56
        },
        "auto_scores_distribution": {
            "1.0": 81,
            "2.0": 212,
            "3.0": 236,
            "4.0": 259,
            "5.0": 12
        },
        "human_scores_entropy": 3.5072873068688777,
        "auto_scores_entropy": 1.9794516363123265,
        "kl_divergence": 0.25688450527273915
    },
    "consistency": {
        "correlation": {
            "Pearson": 0.5285840783659286,
            "Spearman": 0.45145237178099173,
            "Kendall": 0.4132734254363003
        },
        "human_scores_distribution": {
            "1.0": 10,
            "1.3333333333333333": 14,
            "1.6666666666666667": 18,
            "2.0": 11,
            "2.3333333333333335": 12,
            "2.6666666666666665": 15,
            "3.0": 2,
            "3.6666666666666665": 4,
            "4.0": 5,
            "4.333333333333333": 23,
            "4.666666666666667": 44,
            "5.0": 642
        },
        "auto_scores_distribution": {
            "1.0": 50,
            "2.0": 96,
            "3.0": 168,
            "4.0": 442,
            "5.0": 44
        },
        "human_scores_entropy": 1.3254913847150478,
        "auto_scores_entropy": 1.7929481159549088,
        "kl_divergence": 2.1359621928712573
    },
    "fluency": {
        "correlation": {
            "Pearson": 0.3959963714960508,
            "Spearman": 0.34215405500412127,
            "Kendall": 0.3124192964970786
        },
        "human_scores_distribution": {
            "1.0": 4,
            "1.3333333333333333": 3,
            "1.6666666666666667": 9,
            "2.0": 7,
            "2.3333333333333335": 6,
            "2.6666666666666665": 12,
            "3.0": 14,
            "3.3333333333333335": 6,
            "3.6666666666666665": 14,
            "4.0": 19,
            "4.333333333333333": 52,
            "4.666666666666667": 87,
            "5.0": 567
        },
        "auto_scores_distribution": {
            "1.0": 99,
            "2.0": 261,
            "3.0": 287,
            "4.0": 144,
            "5.0": 9
        },
        "human_scores_entropy": 1.6867118154193292,
        "auto_scores_entropy": 1.9489604601882031,
        "kl_divergence": 3.268747119629187
    },
    "relevance": {
        "correlation": {
            "Pearson": 0.5144102138968956,
            "Spearman": 0.48312528386363524,
            "Kendall": 0.4153472042863089
        },
        "human_scores_distribution": {
            "1.0": 5,
            "1.3333333333333333": 5,
            "1.6666666666666667": 15,
            "2.0": 21,
            "2.3333333333333335": 28,
            "2.6666666666666665": 44,
            "3.0": 57,
            "3.3333333333333335": 71,
            "3.6666666666666665": 110,
            "4.0": 163,
            "4.333333333333333": 165,
            "4.666666666666667": 76,
            "5.0": 40
        },
        "auto_scores_distribution": {
            "1.0": 84,
            "2.0": 94,
            "3.0": 266,
            "4.0": 353,
            "5.0": 3
        },
        "human_scores_entropy": 3.1876761286667534,
        "auto_scores_entropy": 1.7836435214230741,
        "kl_divergence": 0.49699916200455596
    },
    "average": {
        "Pearson": 0.47855427678967666,
        "Spearman": 0.43627197021775455,
        "Kendall": 0.38603948537293187
    }
}