{
    "coherence": {
        "correlation": {
            "Pearson": 0.486471143058518,
            "Spearman": 0.47415317269170193,
            "Kendall": 0.40648945055374336
        },
        "human_scores_distribution": {
            "1.0": 7,
            "1.3333333333333333": 14,
            "1.6666666666666667": 61,
            "2.0": 54,
            "2.3333333333333335": 62,
            "2.6666666666666665": 65,
            "3.0": 61,
            "3.3333333333333335": 64,
            "3.6666666666666665": 69,
            "4.0": 87,
            "4.333333333333333": 138,
            "4.666666666666667": 62,
            "5.0": 56
        },
        "auto_scores_distribution": {
            "1.0": 53,
            "2.0": 178,
            "3.0": 253,
            "4.0": 280,
            "5.0": 36
        },
        "human_scores_entropy": 3.5072873068688777,
        "auto_scores_entropy": 1.9985133722771715,
        "kl_divergence": 0.09947760667333751
    },
    "consistency": {
        "correlation": {
            "Pearson": 0.5229373495752414,
            "Spearman": 0.4770083760509562,
            "Kendall": 0.4395789782973182
        },
        "human_scores_distribution": {
            "1.0": 10,
            "1.3333333333333333": 14,
            "1.6666666666666667": 18,
            "2.0": 11,
            "2.3333333333333335": 12,
            "2.6666666666666665": 15,
            "3.0": 2,
            "3.6666666666666665": 4,
            "4.0": 5,
            "4.333333333333333": 23,
            "4.666666666666667": 44,
            "5.0": 642
        },
        "auto_scores_distribution": {
            "1.0": 32,
            "2.0": 104,
            "3.0": 195,
            "4.0": 411,
            "5.0": 58
        },
        "human_scores_entropy": 1.3254913847150478,
        "auto_scores_entropy": 1.8329201729267015,
        "kl_divergence": 1.908103007369294
    },
    "fluency": {
        "correlation": {
            "Pearson": 0.42916087603286257,
            "Spearman": 0.37928566780845513,
            "Kendall": 0.35020517092019043
        },
        "human_scores_distribution": {
            "1.0": 4,
            "1.3333333333333333": 3,
            "1.6666666666666667": 9,
            "2.0": 7,
            "2.3333333333333335": 6,
            "2.6666666666666665": 12,
            "3.0": 14,
            "3.3333333333333335": 6,
            "3.6666666666666665": 14,
            "4.0": 19,
            "4.333333333333333": 52,
            "4.666666666666667": 87,
            "5.0": 567
        },
        "auto_scores_distribution": {
            "1.0": 62,
            "2.0": 334,
            "3.0": 281,
            "4.0": 123
        },
        "human_scores_entropy": 1.6867118154193292,
        "auto_scores_entropy": 1.7575805834383167,
        "kl_divergence": -0.22005606432200014
    },
    "relevance": {
        "correlation": {
            "Pearson": 0.5431286912519241,
            "Spearman": 0.5005268322727866,
            "Kendall": 0.44160823954317857
        },
        "human_scores_distribution": {
            "1.0": 5,
            "1.3333333333333333": 5,
            "1.6666666666666667": 15,
            "2.0": 21,
            "2.3333333333333335": 28,
            "2.6666666666666665": 44,
            "3.0": 57,
            "3.3333333333333335": 71,
            "3.6666666666666665": 110,
            "4.0": 163,
            "4.333333333333333": 165,
            "4.666666666666667": 76,
            "5.0": 40
        },
        "auto_scores_distribution": {
            "1.0": 40,
            "2.0": 97,
            "3.0": 282,
            "4.0": 381
        },
        "human_scores_entropy": 3.1876761286667534,
        "auto_scores_entropy": 1.6251290281508979,
        "kl_divergence": -0.08056142331306207
    },
    "average": {
        "Pearson": 0.49542451497963647,
        "Spearman": 0.457743512205975,
        "Kendall": 0.40947045982860764
    }
}