{
    "coherence": {
        "correlation": {
            "Pearson": 0.4836307877194351,
            "Spearman": 0.47115299394565385,
            "Kendall": 0.403197694699085
        },
        "human_scores_distribution": {
            "1.0": 7,
            "1.3333333333333333": 14,
            "1.6666666666666667": 61,
            "2.0": 54,
            "2.3333333333333335": 62,
            "2.6666666666666665": 65,
            "3.0": 61,
            "3.3333333333333335": 64,
            "3.6666666666666665": 69,
            "4.0": 87,
            "4.333333333333333": 138,
            "4.666666666666667": 62,
            "5.0": 56
        },
        "auto_scores_distribution": {
            "1.0": 69,
            "2.0": 207,
            "3.0": 208,
            "4.0": 303,
            "5.0": 13
        },
        "human_scores_entropy": 3.5072873068688777,
        "auto_scores_entropy": 1.9419575867478005,
        "kl_divergence": 0.2269001471309922
    },
    "consistency": {
        "correlation": {
            "Pearson": 0.5059798280248188,
            "Spearman": 0.4566485734247096,
            "Kendall": 0.42083532976447585
        },
        "human_scores_distribution": {
            "1.0": 10,
            "1.3333333333333333": 14,
            "1.6666666666666667": 18,
            "2.0": 11,
            "2.3333333333333335": 12,
            "2.6666666666666665": 15,
            "3.0": 2,
            "3.6666666666666665": 4,
            "4.0": 5,
            "4.333333333333333": 23,
            "4.666666666666667": 44,
            "5.0": 642
        },
        "auto_scores_distribution": {
            "1.0": 35,
            "2.0": 150,
            "3.0": 211,
            "4.0": 375,
            "5.0": 29
        },
        "human_scores_entropy": 1.3254913847150478,
        "auto_scores_entropy": 1.843342275572115,
        "kl_divergence": 2.4830092675214646
    },
    "fluency": {
        "correlation": {
            "Pearson": 0.3761818835758299,
            "Spearman": 0.3390068117450892,
            "Kendall": 0.31061610751285734
        },
        "human_scores_distribution": {
            "1.0": 4,
            "1.3333333333333333": 3,
            "1.6666666666666667": 9,
            "2.0": 7,
            "2.3333333333333335": 6,
            "2.6666666666666665": 12,
            "3.0": 14,
            "3.3333333333333335": 6,
            "3.6666666666666665": 14,
            "4.0": 19,
            "4.333333333333333": 52,
            "4.666666666666667": 87,
            "5.0": 567
        },
        "auto_scores_distribution": {
            "1.0": 83,
            "2.0": 289,
            "3.0": 257,
            "4.0": 171
        },
        "human_scores_entropy": 1.6867118154193292,
        "auto_scores_entropy": 1.871881084483717,
        "kl_divergence": -0.2500648721298557
    },
    "relevance": {
        "correlation": {
            "Pearson": 0.5427415011500978,
            "Spearman": 0.5127981510815338,
            "Kendall": 0.45005525414861003
        },
        "human_scores_distribution": {
            "1.0": 5,
            "1.3333333333333333": 5,
            "1.6666666666666667": 15,
            "2.0": 21,
            "2.3333333333333335": 28,
            "2.6666666666666665": 44,
            "3.0": 57,
            "3.3333333333333335": 71,
            "3.6666666666666665": 110,
            "4.0": 163,
            "4.333333333333333": 165,
            "4.666666666666667": 76,
            "5.0": 40
        },
        "auto_scores_distribution": {
            "1.0": 50,
            "2.0": 87,
            "3.0": 227,
            "4.0": 435,
            "5.0": 1
        },
        "human_scores_entropy": 3.1876761286667534,
        "auto_scores_entropy": 1.6037630120087087,
        "kl_divergence": 0.5887005611478442
    },
    "average": {
        "Pearson": 0.4771335001175454,
        "Spearman": 0.4449016325492466,
        "Kendall": 0.39617609653125707
    }
}