{
    "coherence": {
        "correlation": {
            "Pearson": 0.40977388405530896,
            "Spearman": 0.4012554751682967,
            "Kendall": 0.3418177398318084
        },
        "human_scores_distribution": {
            "1.0": 7,
            "1.3333333333333333": 14,
            "1.6666666666666667": 61,
            "2.0": 54,
            "2.3333333333333335": 62,
            "2.6666666666666665": 65,
            "3.0": 61,
            "3.3333333333333335": 64,
            "3.6666666666666665": 69,
            "4.0": 87,
            "4.333333333333333": 138,
            "4.666666666666667": 62,
            "5.0": 56
        },
        "auto_scores_distribution": {
            "1.0": 30,
            "2.0": 202,
            "3.0": 277,
            "4.0": 290,
            "5.0": 1
        },
        "human_scores_entropy": 3.5072873068688777,
        "auto_scores_entropy": 1.7515491229196318,
        "kl_divergence": 0.5805805498324839
    },
    "consistency": {
        "correlation": {
            "Pearson": 0.5327622504538296,
            "Spearman": 0.4668382734821768,
            "Kendall": 0.43532621322680554
        },
        "human_scores_distribution": {
            "1.0": 10,
            "1.3333333333333333": 14,
            "1.6666666666666667": 18,
            "2.0": 11,
            "2.3333333333333335": 12,
            "2.6666666666666665": 15,
            "3.0": 2,
            "3.6666666666666665": 4,
            "4.0": 5,
            "4.333333333333333": 23,
            "4.666666666666667": 44,
            "5.0": 642
        },
        "auto_scores_distribution": {
            "1.0": 39,
            "2.0": 154,
            "3.0": 325,
            "4.0": 282
        },
        "human_scores_entropy": 1.3254913847150478,
        "auto_scores_entropy": 1.7282743582100464,
        "kl_divergence": -0.23213583521740155
    },
    "fluency": {
        "correlation": {
            "Pearson": 0.4228644046485857,
            "Spearman": 0.3821408307046949,
            "Kendall": 0.3528841514834614
        },
        "human_scores_distribution": {
            "1.0": 4,
            "1.3333333333333333": 3,
            "1.6666666666666667": 9,
            "2.0": 7,
            "2.3333333333333335": 6,
            "2.6666666666666665": 12,
            "3.0": 14,
            "3.3333333333333335": 6,
            "3.6666666666666665": 14,
            "4.0": 19,
            "4.333333333333333": 52,
            "4.666666666666667": 87,
            "5.0": 567
        },
        "auto_scores_distribution": {
            "1.0": 24,
            "2.0": 185,
            "3.0": 362,
            "4.0": 227,
            "5.0": 2
        },
        "human_scores_entropy": 1.6867118154193292,
        "auto_scores_entropy": 1.695211954834745,
        "kl_divergence": 4.462549489058549
    },
    "relevance": {
        "correlation": {
            "Pearson": 0.46079574554612074,
            "Spearman": 0.4199780740727067,
            "Kendall": 0.3692814862560956
        },
        "human_scores_distribution": {
            "1.0": 5,
            "1.3333333333333333": 5,
            "1.6666666666666667": 15,
            "2.0": 21,
            "2.3333333333333335": 28,
            "2.6666666666666665": 44,
            "3.0": 57,
            "3.3333333333333335": 71,
            "3.6666666666666665": 110,
            "4.0": 163,
            "4.333333333333333": 165,
            "4.666666666666667": 76,
            "5.0": 40
        },
        "auto_scores_distribution": {
            "1.0": 43,
            "2.0": 131,
            "3.0": 516,
            "4.0": 110
        },
        "human_scores_entropy": 3.1876761286667534,
        "auto_scores_entropy": 1.4557929023500897,
        "kl_divergence": 0.4447623841250503
    },
    "average": {
        "Pearson": 0.4565490711759612,
        "Spearman": 0.4175531633569688,
        "Kendall": 0.3748273976995427
    }
}