{
    "coherence": {
        "correlation": {
            "Pearson": 0.44128081641827294,
            "Spearman": 0.43069460515269314,
            "Kendall": 0.3698084671216189
        },
        "human_scores_distribution": {
            "1.0": 7,
            "1.3333333333333333": 14,
            "1.6666666666666667": 61,
            "2.0": 54,
            "2.3333333333333335": 62,
            "2.6666666666666665": 65,
            "3.0": 61,
            "3.3333333333333335": 64,
            "3.6666666666666665": 69,
            "4.0": 87,
            "4.333333333333333": 138,
            "4.666666666666667": 62,
            "5.0": 56
        },
        "auto_scores_distribution": {
            "1.0": 26,
            "2.0": 198,
            "3.0": 305,
            "4.0": 271
        },
        "human_scores_entropy": 3.5072873068688777,
        "auto_scores_entropy": 1.7186694515851544,
        "kl_divergence": -0.11288120432449966
    },
    "consistency": {
        "correlation": {
            "Pearson": 0.4559704638135756,
            "Spearman": 0.40440932575469885,
            "Kendall": 0.37550334295422816
        },
        "human_scores_distribution": {
            "1.0": 10,
            "1.3333333333333333": 14,
            "1.6666666666666667": 18,
            "2.0": 11,
            "2.3333333333333335": 12,
            "2.6666666666666665": 15,
            "3.0": 2,
            "3.6666666666666665": 4,
            "4.0": 5,
            "4.333333333333333": 23,
            "4.666666666666667": 44,
            "5.0": 642
        },
        "auto_scores_distribution": {
            "1.0": 29,
            "2.0": 176,
            "3.0": 361,
            "4.0": 234
        },
        "human_scores_entropy": 1.3254913847150478,
        "auto_scores_entropy": 1.690843161240163,
        "kl_divergence": -0.2248602778719635
    },
    "fluency": {
        "correlation": {
            "Pearson": 0.40774270301934074,
            "Spearman": 0.3621915752753418,
            "Kendall": 0.3378144271575993
        },
        "human_scores_distribution": {
            "1.0": 4,
            "1.3333333333333333": 3,
            "1.6666666666666667": 9,
            "2.0": 7,
            "2.3333333333333335": 6,
            "2.6666666666666665": 12,
            "3.0": 14,
            "3.3333333333333335": 6,
            "3.6666666666666665": 14,
            "4.0": 19,
            "4.333333333333333": 52,
            "4.666666666666667": 87,
            "5.0": 567
        },
        "auto_scores_distribution": {
            "1.0": 39,
            "2.0": 247,
            "3.0": 447,
            "4.0": 67
        },
        "human_scores_entropy": 1.6867118154193292,
        "auto_scores_entropy": 1.5047912710664035,
        "kl_divergence": -0.16172376487006382
    },
    "relevance": {
        "correlation": {
            "Pearson": 0.4537846769830844,
            "Spearman": 0.4095998101831869,
            "Kendall": 0.3636035862074784
        },
        "human_scores_distribution": {
            "1.0": 5,
            "1.3333333333333333": 5,
            "1.6666666666666667": 15,
            "2.0": 21,
            "2.3333333333333335": 28,
            "2.6666666666666665": 44,
            "3.0": 57,
            "3.3333333333333335": 71,
            "3.6666666666666665": 110,
            "4.0": 163,
            "4.333333333333333": 165,
            "4.666666666666667": 76,
            "5.0": 40
        },
        "auto_scores_distribution": {
            "1.0": 39,
            "2.0": 111,
            "3.0": 485,
            "4.0": 165
        },
        "human_scores_entropy": 3.1876761286667534,
        "auto_scores_entropy": 1.5152976053595038,
        "kl_divergence": 0.25056503108346195
    },
    "average": {
        "Pearson": 0.4396946650585684,
        "Spearman": 0.4017238290914802,
        "Kendall": 0.36168245586023123
    }
}