{
    "coherence": {
        "correlation": {
            "Pearson": 0.4010239872630765,
            "Spearman": 0.3827327574143423,
            "Kendall": 0.3294948129182017
        },
        "human_scores_distribution": {
            "1.0": 7,
            "1.3333333333333333": 14,
            "1.6666666666666667": 61,
            "2.0": 54,
            "2.3333333333333335": 62,
            "2.6666666666666665": 65,
            "3.0": 61,
            "3.3333333333333335": 64,
            "3.6666666666666665": 69,
            "4.0": 87,
            "4.333333333333333": 138,
            "4.666666666666667": 62,
            "5.0": 56
        },
        "auto_scores_distribution": {
            "1.0": 75,
            "2.0": 236,
            "3.0": 274,
            "4.0": 204,
            "5.0": 11
        },
        "human_scores_entropy": 3.5072873068688777,
        "auto_scores_entropy": 1.9569131026060185,
        "kl_divergence": 0.30027818048104576
    },
    "consistency": {
        "correlation": {
            "Pearson": 0.47819234663525845,
            "Spearman": 0.41237953535999594,
            "Kendall": 0.3777658092839776
        },
        "human_scores_distribution": {
            "1.0": 10,
            "1.3333333333333333": 14,
            "1.6666666666666667": 18,
            "2.0": 11,
            "2.3333333333333335": 12,
            "2.6666666666666665": 15,
            "3.0": 2,
            "3.6666666666666665": 4,
            "4.0": 5,
            "4.333333333333333": 23,
            "4.666666666666667": 44,
            "5.0": 642
        },
        "auto_scores_distribution": {
            "1.0": 57,
            "2.0": 174,
            "3.0": 289,
            "4.0": 235,
            "5.0": 45
        },
        "human_scores_entropy": 1.3254913847150478,
        "auto_scores_entropy": 2.0335870733930053,
        "kl_divergence": 2.096023773991179
    },
    "fluency": {
        "correlation": {
            "Pearson": 0.37602339329703705,
            "Spearman": 0.35002789015202174,
            "Kendall": 0.32488226439557744
        },
        "human_scores_distribution": {
            "1.0": 4,
            "1.3333333333333333": 3,
            "1.6666666666666667": 9,
            "2.0": 7,
            "2.3333333333333335": 6,
            "2.6666666666666665": 12,
            "3.0": 14,
            "3.3333333333333335": 6,
            "3.6666666666666665": 14,
            "4.0": 19,
            "4.333333333333333": 52,
            "4.666666666666667": 87,
            "5.0": 567
        },
        "auto_scores_distribution": {
            "1.0": 143,
            "2.0": 413,
            "3.0": 235,
            "4.0": 9
        },
        "human_scores_entropy": 1.6867118154193292,
        "auto_scores_entropy": 1.5284292262606043,
        "kl_divergence": 0.05178328215673059
    },
    "relevance": {
        "correlation": {
            "Pearson": 0.5015558948179168,
            "Spearman": 0.4686917203459168,
            "Kendall": 0.4018901804217523
        },
        "human_scores_distribution": {
            "1.0": 5,
            "1.3333333333333333": 5,
            "1.6666666666666667": 15,
            "2.0": 21,
            "2.3333333333333335": 28,
            "2.6666666666666665": 44,
            "3.0": 57,
            "3.3333333333333335": 71,
            "3.6666666666666665": 110,
            "4.0": 163,
            "4.333333333333333": 165,
            "4.666666666666667": 76,
            "5.0": 40
        },
        "auto_scores_distribution": {
            "1.0": 54,
            "2.0": 153,
            "3.0": 350,
            "4.0": 231,
            "5.0": 12
        },
        "human_scores_entropy": 3.1876761286667534,
        "auto_scores_entropy": 1.8490540238173732,
        "kl_divergence": 0.43570158075028476
    },
    "average": {
        "Pearson": 0.4391989055033222,
        "Spearman": 0.4034579758180692,
        "Kendall": 0.3585082667548773
    }
}