{
    "coherence": {
        "correlation": {
            "Pearson": 0.4113677664915562,
            "Spearman": 0.40089467935107237,
            "Kendall": 0.35062900721965584
        },
        "human_scores_distribution": {
            "1.0": 7,
            "1.3333333333333333": 14,
            "1.6666666666666667": 61,
            "2.0": 54,
            "2.3333333333333335": 62,
            "2.6666666666666665": 65,
            "3.0": 61,
            "3.3333333333333335": 64,
            "3.6666666666666665": 69,
            "4.0": 87,
            "4.333333333333333": 138,
            "4.666666666666667": 62,
            "5.0": 56
        },
        "auto_scores_distribution": {
            "1.0": 265,
            "2.0": 507,
            "3.0": 28
        },
        "human_scores_entropy": 3.5072873068688777,
        "auto_scores_entropy": 1.114309107921343,
        "kl_divergence": 0.1553855208170164
    },
    "consistency": {
        "correlation": {
            "Pearson": 0.4855324867743811,
            "Spearman": 0.45516239315745466,
            "Kendall": 0.4325674080516411
        },
        "human_scores_distribution": {
            "1.0": 10,
            "1.3333333333333333": 14,
            "1.6666666666666667": 18,
            "2.0": 11,
            "2.3333333333333335": 12,
            "2.6666666666666665": 15,
            "3.0": 2,
            "3.6666666666666665": 4,
            "4.0": 5,
            "4.333333333333333": 23,
            "4.666666666666667": 44,
            "5.0": 642
        },
        "auto_scores_distribution": {
            "1.0": 137,
            "2.0": 542,
            "3.0": 121
        },
        "human_scores_entropy": 1.3254913847150478,
        "auto_scores_entropy": 1.228684155412704,
        "kl_divergence": -0.22627439255232762
    },
    "fluency": {
        "correlation": {
            "Pearson": 0.2627428959729911,
            "Spearman": 0.2597753473603902,
            "Kendall": 0.24815638109995827
        },
        "human_scores_distribution": {
            "1.0": 4,
            "1.3333333333333333": 3,
            "1.6666666666666667": 9,
            "2.0": 7,
            "2.3333333333333335": 6,
            "2.6666666666666665": 12,
            "3.0": 14,
            "3.3333333333333335": 6,
            "3.6666666666666665": 14,
            "4.0": 19,
            "4.333333333333333": 52,
            "4.666666666666667": 87,
            "5.0": 567
        },
        "auto_scores_distribution": {
            "1.0": 525,
            "2.0": 274,
            "3.0": 1
        },
        "human_scores_entropy": 1.6867118154193292,
        "auto_scores_entropy": 0.9402912681225197,
        "kl_divergence": 0.031494059660228085
    },
    "relevance": {
        "correlation": {
            "Pearson": 0.46018401284084987,
            "Spearman": 0.431439576363732,
            "Kendall": 0.3834984499861375
        },
        "human_scores_distribution": {
            "1.0": 5,
            "1.3333333333333333": 5,
            "1.6666666666666667": 15,
            "2.0": 21,
            "2.3333333333333335": 28,
            "2.6666666666666665": 44,
            "3.0": 57,
            "3.3333333333333335": 71,
            "3.6666666666666665": 110,
            "4.0": 163,
            "4.333333333333333": 165,
            "4.666666666666667": 76,
            "5.0": 40
        },
        "auto_scores_distribution": {
            "1.0": 146,
            "2.0": 646,
            "3.0": 8
        },
        "human_scores_entropy": 3.1876761286667534,
        "auto_scores_entropy": 0.7633854963637772,
        "kl_divergence": 0.4411652983109646
    },
    "average": {
        "Pearson": 0.4049567905199446,
        "Spearman": 0.3868179990581623,
        "Kendall": 0.3537128115893482
    }
}