{
    "coherence": {
        "correlation": {
            "Pearson": 0.4669025749464559,
            "Spearman": 0.4668594713463833,
            "Kendall": 0.3874427598647296
        },
        "human_scores_distribution": {
            "1.0": 7,
            "1.3333333333333333": 14,
            "1.6666666666666667": 61,
            "2.0": 54,
            "2.3333333333333335": 62,
            "2.6666666666666665": 65,
            "3.0": 61,
            "3.3333333333333335": 64,
            "3.6666666666666665": 69,
            "4.0": 87,
            "4.333333333333333": 138,
            "4.666666666666667": 62,
            "5.0": 56
        },
        "auto_scores_distribution": {
            "1.0": 3,
            "5.0": 11,
            "10.0": 73,
            "15.0": 15,
            "20.0": 149,
            "25.0": 112,
            "30.0": 118,
            "35.0": 139,
            "40.0": 65,
            "42.0": 9,
            "45.0": 101,
            "47.0": 1,
            "48.0": 4
        },
        "human_scores_entropy": 3.5072873068688777,
        "auto_scores_entropy": 3.0269857780123712,
        "kl_divergence": 0.4010665707836278
    },
    "consistency": {
        "correlation": {
            "Pearson": 0.45648930615878297,
            "Spearman": 0.40049853231748445,
            "Kendall": 0.3548502091691209
        },
        "human_scores_distribution": {
            "1.0": 10,
            "1.3333333333333333": 14,
            "1.6666666666666667": 18,
            "2.0": 11,
            "2.3333333333333335": 12,
            "2.6666666666666665": 15,
            "3.0": 2,
            "3.6666666666666665": 4,
            "4.0": 5,
            "4.333333333333333": 23,
            "4.666666666666667": 44,
            "5.0": 642
        },
        "auto_scores_distribution": {
            "1.0": 1,
            "5.0": 4,
            "10.0": 36,
            "15.0": 3,
            "20.0": 115,
            "25.0": 65,
            "30.0": 133,
            "35.0": 66,
            "40.0": 98,
            "45.0": 270,
            "48.0": 4,
            "50.0": 5
        },
        "human_scores_entropy": 1.3254913847150478,
        "auto_scores_entropy": 2.6895668854493406,
        "kl_divergence": 4.506821766025079
    },
    "fluency": {
        "correlation": {
            "Pearson": 0.38789754097376333,
            "Spearman": 0.3575519043772982,
            "Kendall": 0.3215338021666827
        },
        "human_scores_distribution": {
            "1.0": 4,
            "1.3333333333333333": 3,
            "1.6666666666666667": 9,
            "2.0": 7,
            "2.3333333333333335": 6,
            "2.6666666666666665": 12,
            "3.0": 14,
            "3.3333333333333335": 6,
            "3.6666666666666665": 14,
            "4.0": 19,
            "4.333333333333333": 52,
            "4.666666666666667": 87,
            "5.0": 567
        },
        "auto_scores_distribution": {
            "1.0": 7,
            "5.0": 9,
            "10.0": 91,
            "15.0": 31,
            "20.0": 274,
            "25.0": 161,
            "30.0": 98,
            "35.0": 113,
            "40.0": 8,
            "42.0": 2,
            "45.0": 6
        },
        "human_scores_entropy": 1.6867118154193292,
        "auto_scores_entropy": 2.5769309673551875,
        "kl_divergence": 3.5037091678439007
    },
    "relevance": {
        "correlation": {
            "Pearson": 0.535021352559465,
            "Spearman": 0.4903699424744891,
            "Kendall": 0.4120744890047656
        },
        "human_scores_distribution": {
            "1.0": 5,
            "1.3333333333333333": 5,
            "1.6666666666666667": 15,
            "2.0": 21,
            "2.3333333333333335": 28,
            "2.6666666666666665": 44,
            "3.0": 57,
            "3.3333333333333335": 71,
            "3.6666666666666665": 110,
            "4.0": 163,
            "4.333333333333333": 165,
            "4.666666666666667": 76,
            "5.0": 40
        },
        "auto_scores_distribution": {
            "1.0": 5,
            "5.0": 8,
            "10.0": 59,
            "15.0": 13,
            "20.0": 61,
            "25.0": 99,
            "30.0": 289,
            "35.0": 143,
            "40.0": 88,
            "45.0": 35
        },
        "human_scores_entropy": 3.1876761286667534,
        "auto_scores_entropy": 2.664802950853476,
        "kl_divergence": 0.39641589392384596
    },
    "average": {
        "Pearson": 0.46157769365961676,
        "Spearman": 0.4288199626289138,
        "Kendall": 0.3689753150513247
    }
}