{
    "coherence": {
        "correlation": {
            "Pearson": 0.458080362748052,
            "Spearman": 0.46407883504546343,
            "Kendall": 0.389409933605533
        },
        "human_scores_distribution": {
            "1.0": 7,
            "1.3333333333333333": 14,
            "1.6666666666666667": 61,
            "2.0": 54,
            "2.3333333333333335": 62,
            "2.6666666666666665": 65,
            "3.0": 61,
            "3.3333333333333335": 64,
            "3.6666666666666665": 69,
            "4.0": 87,
            "4.333333333333333": 138,
            "4.666666666666667": 62,
            "5.0": 56
        },
        "auto_scores_distribution": {
            "1.0": 3,
            "2.0": 61,
            "3.0": 108,
            "4.0": 70,
            "6.0": 254,
            "7.0": 186,
            "8.0": 113,
            "9.0": 5
        },
        "human_scores_entropy": 3.5072873068688777,
        "auto_scores_entropy": 2.470347640966126,
        "kl_divergence": 0.948328041036256
    },
    "consistency": {
        "correlation": {
            "Pearson": 0.5018126585781053,
            "Spearman": 0.43260238283943925,
            "Kendall": 0.3966536869220188
        },
        "human_scores_distribution": {
            "1.0": 10,
            "1.3333333333333333": 14,
            "1.6666666666666667": 18,
            "2.0": 11,
            "2.3333333333333335": 12,
            "2.6666666666666665": 15,
            "3.0": 2,
            "3.6666666666666665": 4,
            "4.0": 5,
            "4.333333333333333": 23,
            "4.666666666666667": 44,
            "5.0": 642
        },
        "auto_scores_distribution": {
            "1.0": 2,
            "2.0": 30,
            "3.0": 55,
            "4.0": 20,
            "6.0": 177,
            "7.0": 139,
            "8.0": 359,
            "9.0": 10,
            "10.0": 8
        },
        "human_scores_entropy": 1.3254913847150478,
        "auto_scores_entropy": 2.1822650540566415,
        "kl_divergence": 0.08440650064688432
    },
    "fluency": {
        "correlation": {
            "Pearson": 0.4121445677378781,
            "Spearman": 0.3860156929365357,
            "Kendall": 0.3520789537973921
        },
        "human_scores_distribution": {
            "1.0": 4,
            "1.3333333333333333": 3,
            "1.6666666666666667": 9,
            "2.0": 7,
            "2.3333333333333335": 6,
            "2.6666666666666665": 12,
            "3.0": 14,
            "3.3333333333333335": 6,
            "3.6666666666666665": 14,
            "4.0": 19,
            "4.333333333333333": 52,
            "4.666666666666667": 87,
            "5.0": 567
        },
        "auto_scores_distribution": {
            "1.0": 2,
            "2.0": 75,
            "3.0": 195,
            "4.0": 121,
            "6.0": 332,
            "7.0": 66,
            "8.0": 9
        },
        "human_scores_entropy": 1.6867118154193292,
        "auto_scores_entropy": 2.1466740738042134,
        "kl_divergence": -0.1325771753786788
    },
    "relevance": {
        "correlation": {
            "Pearson": 0.5290648841518442,
            "Spearman": 0.483863799166768,
            "Kendall": 0.4171318068001938
        },
        "human_scores_distribution": {
            "1.0": 5,
            "1.3333333333333333": 5,
            "1.6666666666666667": 15,
            "2.0": 21,
            "2.3333333333333335": 28,
            "2.6666666666666665": 44,
            "3.0": 57,
            "3.3333333333333335": 71,
            "3.6666666666666665": 110,
            "4.0": 163,
            "4.333333333333333": 165,
            "4.666666666666667": 76,
            "5.0": 40
        },
        "auto_scores_distribution": {
            "1.0": 4,
            "2.0": 38,
            "3.0": 54,
            "4.0": 29,
            "5.0": 1,
            "6.0": 298,
            "7.0": 259,
            "8.0": 115,
            "9.0": 2
        },
        "human_scores_entropy": 3.1876761286667534,
        "auto_scores_entropy": 2.1764017635828146,
        "kl_divergence": 2.477928094766596
    },
    "average": {
        "Pearson": 0.4752756183039699,
        "Spearman": 0.4416401774970516,
        "Kendall": 0.3888185952812844
    }
}