{
    "coherence": {
        "correlation": {
            "Pearson": 0.4653676786491296,
            "Spearman": 0.4620623323696901,
            "Kendall": 0.3831693529731124
        },
        "human_scores_distribution": {
            "1.0": 7,
            "1.3333333333333333": 14,
            "1.6666666666666667": 61,
            "2.0": 54,
            "2.3333333333333335": 62,
            "2.6666666666666665": 65,
            "3.0": 61,
            "3.3333333333333335": 64,
            "3.6666666666666665": 69,
            "4.0": 87,
            "4.333333333333333": 138,
            "4.666666666666667": 62,
            "5.0": 56
        },
        "auto_scores_distribution": {
            "0.0": 3,
            "10.0": 2,
            "20.0": 77,
            "30.0": 135,
            "40.0": 21,
            "45.0": 32,
            "50.0": 5,
            "55.0": 1,
            "60.0": 122,
            "65.0": 103,
            "70.0": 7,
            "75.0": 187,
            "85.0": 98,
            "92.0": 2,
            "95.0": 5
        },
        "human_scores_entropy": 3.5072873068688777,
        "auto_scores_entropy": 2.9744220319947416,
        "kl_divergence": 0
    },
    "consistency": {
        "correlation": {
            "Pearson": 0.4642453635403381,
            "Spearman": 0.3993813587528336,
            "Kendall": 0.35761094599067134
        },
        "human_scores_distribution": {
            "1.0": 10,
            "1.3333333333333333": 14,
            "1.6666666666666667": 18,
            "2.0": 11,
            "2.3333333333333335": 12,
            "2.6666666666666665": 15,
            "3.0": 2,
            "3.6666666666666665": 4,
            "4.0": 5,
            "4.333333333333333": 23,
            "4.666666666666667": 44,
            "5.0": 642
        },
        "auto_scores_distribution": {
            "0.0": 3,
            "20.0": 39,
            "30.0": 76,
            "40.0": 14,
            "50.0": 1,
            "60.0": 182,
            "65.0": 9,
            "70.0": 28,
            "75.0": 112,
            "80.0": 8,
            "85.0": 320,
            "92.0": 1,
            "100.0": 7
        },
        "human_scores_entropy": 1.3254913847150478,
        "auto_scores_entropy": 2.471759755519878,
        "kl_divergence": 0
    },
    "fluency": {
        "correlation": {
            "Pearson": 0.3735987660432971,
            "Spearman": 0.3533689204212835,
            "Kendall": 0.31719130609527174
        },
        "human_scores_distribution": {
            "1.0": 4,
            "1.3333333333333333": 3,
            "1.6666666666666667": 9,
            "2.0": 7,
            "2.3333333333333335": 6,
            "2.6666666666666665": 12,
            "3.0": 14,
            "3.3333333333333335": 6,
            "3.6666666666666665": 14,
            "4.0": 19,
            "4.333333333333333": 52,
            "4.666666666666667": 87,
            "5.0": 567
        },
        "auto_scores_distribution": {
            "0.0": 1,
            "2.0": 1,
            "5.0": 1,
            "10.0": 1,
            "20.0": 90,
            "30.0": 265,
            "40.0": 43,
            "45.0": 42,
            "50.0": 5,
            "60.0": 137,
            "65.0": 128,
            "70.0": 2,
            "75.0": 69,
            "85.0": 14,
            "92.0": 1
        },
        "human_scores_entropy": 1.6867118154193292,
        "auto_scores_entropy": 2.726212998837854,
        "kl_divergence": 5.384943927283614
    },
    "relevance": {
        "correlation": {
            "Pearson": 0.5273186196262831,
            "Spearman": 0.47867762773577305,
            "Kendall": 0.404990161204426
        },
        "human_scores_distribution": {
            "1.0": 5,
            "1.3333333333333333": 5,
            "1.6666666666666667": 15,
            "2.0": 21,
            "2.3333333333333335": 28,
            "2.6666666666666665": 44,
            "3.0": 57,
            "3.3333333333333335": 71,
            "3.6666666666666665": 110,
            "4.0": 163,
            "4.333333333333333": 165,
            "4.666666666666667": 76,
            "5.0": 40
        },
        "auto_scores_distribution": {
            "0.0": 3,
            "10.0": 1,
            "20.0": 45,
            "30.0": 76,
            "40.0": 27,
            "45.0": 1,
            "50.0": 2,
            "60.0": 298,
            "65.0": 40,
            "70.0": 55,
            "75.0": 158,
            "80.0": 10,
            "85.0": 84
        },
        "human_scores_entropy": 3.1876761286667534,
        "auto_scores_entropy": 2.692045989489135,
        "kl_divergence": 0
    },
    "average": {
        "Pearson": 0.457632606964762,
        "Spearman": 0.4233725598198951,
        "Kendall": 0.3657404415658704
    }
}