{
    "coherence": {
        "correlation": {
            "Pearson": 0.40527696883579545,
            "Spearman": 0.39997913333422147,
            "Kendall": 0.3403125044185024
        },
        "human_scores_distribution": {
            "1.0": 7,
            "1.3333333333333333": 14,
            "1.6666666666666667": 61,
            "2.0": 54,
            "2.3333333333333335": 62,
            "2.6666666666666665": 65,
            "3.0": 61,
            "3.3333333333333335": 64,
            "3.6666666666666665": 69,
            "4.0": 87,
            "4.333333333333333": 138,
            "4.666666666666667": 62,
            "5.0": 56
        },
        "auto_scores_distribution": {
            "1.0": 54,
            "2.0": 277,
            "3.0": 199,
            "4.0": 268,
            "5.0": 2
        },
        "human_scores_entropy": 3.5072873068688777,
        "auto_scores_entropy": 1.8417678052205728,
        "kl_divergence": 0.5005900812573065
    },
    "consistency": {
        "correlation": {
            "Pearson": 0.47557344970644183,
            "Spearman": 0.43041951802380274,
            "Kendall": 0.3972228652612888
        },
        "human_scores_distribution": {
            "1.0": 10,
            "1.3333333333333333": 14,
            "1.6666666666666667": 18,
            "2.0": 11,
            "2.3333333333333335": 12,
            "2.6666666666666665": 15,
            "3.0": 2,
            "3.6666666666666665": 4,
            "4.0": 5,
            "4.333333333333333": 23,
            "4.666666666666667": 44,
            "5.0": 642
        },
        "auto_scores_distribution": {
            "1.0": 55,
            "2.0": 226,
            "3.0": 291,
            "4.0": 228
        },
        "human_scores_entropy": 1.3254913847150478,
        "auto_scores_entropy": 1.8275650925677742,
        "kl_divergence": -0.2512569558530328
    },
    "fluency": {
        "correlation": {
            "Pearson": 0.3615570913144186,
            "Spearman": 0.3102195461272598,
            "Kendall": 0.2920061882356901
        },
        "human_scores_distribution": {
            "1.0": 4,
            "1.3333333333333333": 3,
            "1.6666666666666667": 9,
            "2.0": 7,
            "2.3333333333333335": 6,
            "2.6666666666666665": 12,
            "3.0": 14,
            "3.3333333333333335": 6,
            "3.6666666666666665": 14,
            "4.0": 19,
            "4.333333333333333": 52,
            "4.666666666666667": 87,
            "5.0": 567
        },
        "auto_scores_distribution": {
            "1.0": 117,
            "2.0": 507,
            "3.0": 165,
            "4.0": 11
        },
        "human_scores_entropy": 1.6867118154193292,
        "auto_scores_entropy": 1.3774168805153222,
        "kl_divergence": 0.04072424716658485
    },
    "relevance": {
        "correlation": {
            "Pearson": 0.5360973192724301,
            "Spearman": 0.5063679292060389,
            "Kendall": 0.44593143696260845
        },
        "human_scores_distribution": {
            "1.0": 5,
            "1.3333333333333333": 5,
            "1.6666666666666667": 15,
            "2.0": 21,
            "2.3333333333333335": 28,
            "2.6666666666666665": 44,
            "3.0": 57,
            "3.3333333333333335": 71,
            "3.6666666666666665": 110,
            "4.0": 163,
            "4.333333333333333": 165,
            "4.666666666666667": 76,
            "5.0": 40
        },
        "auto_scores_distribution": {
            "1.0": 35,
            "2.0": 141,
            "3.0": 401,
            "4.0": 223
        },
        "human_scores_entropy": 3.1876761286667534,
        "auto_scores_entropy": 1.6520647485597812,
        "kl_divergence": 0.10874823253299742
    },
    "average": {
        "Pearson": 0.4446262072822715,
        "Spearman": 0.4117465316728307,
        "Kendall": 0.36886824871952245
    }
}