{
    "coherence": {
        "correlation": {
            "Pearson": 0.32812221638839534,
            "Spearman": 0.3154303772159279,
            "Kendall": 0.27377194331262084
        },
        "human_scores_distribution": {
            "1.0": 7,
            "1.3333333333333333": 14,
            "1.6666666666666667": 61,
            "2.0": 54,
            "2.3333333333333335": 62,
            "2.6666666666666665": 65,
            "3.0": 61,
            "3.3333333333333335": 64,
            "3.6666666666666665": 69,
            "4.0": 87,
            "4.333333333333333": 138,
            "4.666666666666667": 62,
            "5.0": 56
        },
        "auto_scores_distribution": {
            "1.0": 272,
            "2.0": 422,
            "3.0": 96,
            "4.0": 10
        },
        "human_scores_entropy": 3.5072873068688777,
        "auto_scores_entropy": 1.4620194004339382,
        "kl_divergence": 1.14518317683762
    },
    "consistency": {
        "correlation": {
            "Pearson": 0.37603100440713866,
            "Spearman": 0.34124009953015483,
            "Kendall": 0.31573793189100774
        },
        "human_scores_distribution": {
            "1.0": 10,
            "1.3333333333333333": 14,
            "1.6666666666666667": 18,
            "2.0": 11,
            "2.3333333333333335": 12,
            "2.6666666666666665": 15,
            "3.0": 2,
            "3.6666666666666665": 4,
            "4.0": 5,
            "4.333333333333333": 23,
            "4.666666666666667": 44,
            "5.0": 642
        },
        "auto_scores_distribution": {
            "1.0": 165,
            "2.0": 368,
            "3.0": 199,
            "4.0": 68
        },
        "human_scores_entropy": 1.3254913847150478,
        "auto_scores_entropy": 1.7866690174337876,
        "kl_divergence": -0.2527332475283971
    },
    "fluency": {
        "correlation": {
            "Pearson": 0.2389731890756943,
            "Spearman": 0.23925023628209316,
            "Kendall": 0.2267580849610289
        },
        "human_scores_distribution": {
            "1.0": 4,
            "1.3333333333333333": 3,
            "1.6666666666666667": 9,
            "2.0": 7,
            "2.3333333333333335": 6,
            "2.6666666666666665": 12,
            "3.0": 14,
            "3.3333333333333335": 6,
            "3.6666666666666665": 14,
            "4.0": 19,
            "4.333333333333333": 52,
            "4.666666666666667": 87,
            "5.0": 567
        },
        "auto_scores_distribution": {
            "1.0": 405,
            "2.0": 357,
            "3.0": 38
        },
        "human_scores_entropy": 1.6867118154193292,
        "auto_scores_entropy": 1.2254525280661002,
        "kl_divergence": -0.11901537484160098
    },
    "relevance": {
        "correlation": {
            "Pearson": 0.4482199876146792,
            "Spearman": 0.4204810596887617,
            "Kendall": 0.36245068608342423
        },
        "human_scores_distribution": {
            "1.0": 5,
            "1.3333333333333333": 5,
            "1.6666666666666667": 15,
            "2.0": 21,
            "2.3333333333333335": 28,
            "2.6666666666666665": 44,
            "3.0": 57,
            "3.3333333333333335": 71,
            "3.6666666666666665": 110,
            "4.0": 163,
            "4.333333333333333": 165,
            "4.666666666666667": 76,
            "5.0": 40
        },
        "auto_scores_distribution": {
            "1.0": 178,
            "2.0": 291,
            "3.0": 291,
            "4.0": 40
        },
        "human_scores_entropy": 3.1876761286667534,
        "auto_scores_entropy": 1.7599122846745565,
        "kl_divergence": 1.0401549669555745
    },
    "average": {
        "Pearson": 0.3478365993714769,
        "Spearman": 0.32910044317923437,
        "Kendall": 0.2946796615620204
    }
}