{
    "coherence": {
        "correlation": {
            "Pearson": 0.4232987883406183,
            "Spearman": 0.4151715994379285,
            "Kendall": 0.3569764426586021
        },
        "human_scores_distribution": {
            "1.0": 7,
            "1.3333333333333333": 14,
            "1.6666666666666667": 61,
            "2.0": 54,
            "2.3333333333333335": 62,
            "2.6666666666666665": 65,
            "3.0": 61,
            "3.3333333333333335": 64,
            "3.6666666666666665": 69,
            "4.0": 87,
            "4.333333333333333": 138,
            "4.666666666666667": 62,
            "5.0": 56
        },
        "auto_scores_distribution": {
            "1.0": 46,
            "2.0": 243,
            "3.0": 262,
            "4.0": 240,
            "5.0": 9
        },
        "human_scores_entropy": 3.5072873068688777,
        "auto_scores_entropy": 1.880414711378894,
        "kl_divergence": 0.2871526759404963
    },
    "consistency": {
        "correlation": {
            "Pearson": 0.461001136731031,
            "Spearman": 0.4277134703150942,
            "Kendall": 0.3973040798797397
        },
        "human_scores_distribution": {
            "1.0": 10,
            "1.3333333333333333": 14,
            "1.6666666666666667": 18,
            "2.0": 11,
            "2.3333333333333335": 12,
            "2.6666666666666665": 15,
            "3.0": 2,
            "3.6666666666666665": 4,
            "4.0": 5,
            "4.333333333333333": 23,
            "4.666666666666667": 44,
            "5.0": 642
        },
        "auto_scores_distribution": {
            "1.0": 33,
            "2.0": 219,
            "3.0": 268,
            "4.0": 276,
            "5.0": 4
        },
        "human_scores_entropy": 1.3254913847150478,
        "auto_scores_entropy": 1.7978461583935452,
        "kl_divergence": 4.1712678931552265
    },
    "fluency": {
        "correlation": {
            "Pearson": 0.4234382736184364,
            "Spearman": 0.37360313380420257,
            "Kendall": 0.352064347989933
        },
        "human_scores_distribution": {
            "1.0": 4,
            "1.3333333333333333": 3,
            "1.6666666666666667": 9,
            "2.0": 7,
            "2.3333333333333335": 6,
            "2.6666666666666665": 12,
            "3.0": 14,
            "3.3333333333333335": 6,
            "3.6666666666666665": 14,
            "4.0": 19,
            "4.333333333333333": 52,
            "4.666666666666667": 87,
            "5.0": 567
        },
        "auto_scores_distribution": {
            "1.0": 61,
            "2.0": 363,
            "3.0": 356,
            "4.0": 20
        },
        "human_scores_entropy": 1.6867118154193292,
        "auto_scores_entropy": 1.4532769600177518,
        "kl_divergence": -0.03866849416731977
    },
    "relevance": {
        "correlation": {
            "Pearson": 0.5055411078851721,
            "Spearman": 0.47033110441775533,
            "Kendall": 0.41373819982516785
        },
        "human_scores_distribution": {
            "1.0": 5,
            "1.3333333333333333": 5,
            "1.6666666666666667": 15,
            "2.0": 21,
            "2.3333333333333335": 28,
            "2.6666666666666665": 44,
            "3.0": 57,
            "3.3333333333333335": 71,
            "3.6666666666666665": 110,
            "4.0": 163,
            "4.333333333333333": 165,
            "4.666666666666667": 76,
            "5.0": 40
        },
        "auto_scores_distribution": {
            "1.0": 40,
            "2.0": 149,
            "3.0": 448,
            "4.0": 163
        },
        "human_scores_entropy": 3.1876761286667534,
        "auto_scores_entropy": 1.6037675303174386,
        "kl_divergence": 0.2504336487142108
    },
    "average": {
        "Pearson": 0.4533198266438144,
        "Spearman": 0.4217048269937452,
        "Kendall": 0.3800207675883607
    }
}