{
    "coherence": {
        "correlation": {
            "Pearson": 0.4282006028813678,
            "Spearman": 0.42384525153695835,
            "Kendall": 0.36476754195488076
        },
        "human_scores_distribution": {
            "1.0": 7,
            "1.3333333333333333": 14,
            "1.6666666666666667": 61,
            "2.0": 54,
            "2.3333333333333335": 62,
            "2.6666666666666665": 65,
            "3.0": 61,
            "3.3333333333333335": 64,
            "3.6666666666666665": 69,
            "4.0": 87,
            "4.333333333333333": 138,
            "4.666666666666667": 62,
            "5.0": 56
        },
        "auto_scores_distribution": {
            "1.0": 63,
            "2.0": 235,
            "3.0": 228,
            "4.0": 274
        },
        "human_scores_entropy": 3.5072873068688777,
        "auto_scores_entropy": 1.8534689002947058,
        "kl_divergence": -0.10895912358918793
    },
    "consistency": {
        "correlation": {
            "Pearson": 0.44277314032865406,
            "Spearman": 0.41022554559330804,
            "Kendall": 0.3828919572037841
        },
        "human_scores_distribution": {
            "1.0": 10,
            "1.3333333333333333": 14,
            "1.6666666666666667": 18,
            "2.0": 11,
            "2.3333333333333335": 12,
            "2.6666666666666665": 15,
            "3.0": 2,
            "3.6666666666666665": 4,
            "4.0": 5,
            "4.333333333333333": 23,
            "4.666666666666667": 44,
            "5.0": 642
        },
        "auto_scores_distribution": {
            "1.0": 48,
            "2.0": 248,
            "3.0": 336,
            "4.0": 168
        },
        "human_scores_entropy": 1.3254913847150478,
        "auto_scores_entropy": 1.765797607160905,
        "kl_divergence": -0.24277402189132272
    },
    "fluency": {
        "correlation": {
            "Pearson": 0.3618655832388925,
            "Spearman": 0.30158741623702323,
            "Kendall": 0.28344301819123957
        },
        "human_scores_distribution": {
            "1.0": 4,
            "1.3333333333333333": 3,
            "1.6666666666666667": 9,
            "2.0": 7,
            "2.3333333333333335": 6,
            "2.6666666666666665": 12,
            "3.0": 14,
            "3.3333333333333335": 6,
            "3.6666666666666665": 14,
            "4.0": 19,
            "4.333333333333333": 52,
            "4.666666666666667": 87,
            "5.0": 567
        },
        "auto_scores_distribution": {
            "1.0": 72,
            "2.0": 445,
            "3.0": 277,
            "4.0": 6
        },
        "human_scores_entropy": 1.6867118154193292,
        "auto_scores_entropy": 1.3660932721388224,
        "kl_divergence": 0.09223849823173635
    },
    "relevance": {
        "correlation": {
            "Pearson": 0.4924937601965946,
            "Spearman": 0.4749812598501127,
            "Kendall": 0.4167000212713748
        },
        "human_scores_distribution": {
            "1.0": 5,
            "1.3333333333333333": 5,
            "1.6666666666666667": 15,
            "2.0": 21,
            "2.3333333333333335": 28,
            "2.6666666666666665": 44,
            "3.0": 57,
            "3.3333333333333335": 71,
            "3.6666666666666665": 110,
            "4.0": 163,
            "4.333333333333333": 165,
            "4.666666666666667": 76,
            "5.0": 40
        },
        "auto_scores_distribution": {
            "1.0": 45,
            "2.0": 151,
            "3.0": 375,
            "4.0": 229
        },
        "human_scores_entropy": 3.1876761286667534,
        "auto_scores_entropy": 1.7165559185674264,
        "kl_divergence": 0.10000156568028845
    },
    "average": {
        "Pearson": 0.43133327166137725,
        "Spearman": 0.4026598683043505,
        "Kendall": 0.3619506346553198
    }
}