{
    "informativeness": {
        "correlation": {
            "Pearson": 0.3473888731114911,
            "Spearman": 0.18410086119996338,
            "Kendall": 0.166431511625769
        },
        "human_scores": {
            "1.0": 5,
            "2.0": 9,
            "3.0": 25,
            "3.5": 4,
            "4.0": 60,
            "4.5": 26,
            "5.0": 127,
            "5.5": 39,
            "6.0": 295
        },
        "auto_scores": {
            "1.0": 4,
            "2.0": 10,
            "3.0": 20,
            "4.0": 104,
            "5.0": 452
        },
        "human_scores_entropy": 2.1623637409455205,
        "auto_scores_entropy": 1.0499534077323234,
        "kl_divergence": -0.2855798738185527
    },
    "naturalness": {
        "correlation": {
            "Pearson": 0.47257444060156406,
            "Spearman": 0.375587489790137,
            "Kendall": 0.3212589103766568
        },
        "human_scores": {
            "1.0": 10,
            "1.5": 1,
            "2.0": 18,
            "2.5": 4,
            "3.0": 45,
            "3.5": 13,
            "4.0": 99,
            "4.5": 26,
            "5.0": 156,
            "5.5": 30,
            "6.0": 188
        },
        "auto_scores": {
            "1.0": 15,
            "2.0": 45,
            "3.0": 112,
            "4.0": 339,
            "5.0": 79
        },
        "human_scores_entropy": 2.6045254784335823,
        "auto_scores_entropy": 1.7206692211159382,
        "kl_divergence": -0.1328940553708117
    },
    "average": {
        "Pearson": 0.40998165685652754,
        "Spearman": 0.2798441754950502,
        "Kendall": 0.24384521100121292
    }
}