{
    "informativeness": {
        "correlation": {
            "Pearson": 0.28818035382296914,
            "Spearman": 0.16949986677757276,
            "Kendall": 0.14765920198200927
        },
        "human_scores": {
            "1.0": 5,
            "2.0": 9,
            "3.0": 25,
            "3.5": 4,
            "4.0": 60,
            "4.5": 26,
            "5.0": 127,
            "5.5": 39,
            "6.0": 295
        },
        "auto_scores": {
            "1.0": 10,
            "2.0": 23,
            "3.0": 99,
            "4.0": 215,
            "5.0": 243
        },
        "human_scores_entropy": 2.1623637409455205,
        "auto_scores_entropy": 1.7720992588864832,
        "kl_divergence": -0.3510133200128308
    },
    "naturalness": {
        "correlation": {
            "Pearson": 0.4544664002953893,
            "Spearman": 0.3711778427945581,
            "Kendall": 0.3177679749708567
        },
        "human_scores": {
            "1.0": 10,
            "1.5": 1,
            "2.0": 18,
            "2.5": 4,
            "3.0": 45,
            "3.5": 13,
            "4.0": 99,
            "4.5": 26,
            "5.0": 156,
            "5.5": 30,
            "6.0": 188
        },
        "auto_scores": {
            "1.0": 13,
            "2.0": 42,
            "3.0": 112,
            "4.0": 361,
            "5.0": 62
        },
        "human_scores_entropy": 2.6045254784335823,
        "auto_scores_entropy": 1.622925999650477,
        "kl_divergence": -0.07841676390133323
    },
    "average": {
        "Pearson": 0.3713233770591792,
        "Spearman": 0.27033885478606545,
        "Kendall": 0.23271358847643298
    }
}