{
    "informativeness": {
        "correlation": {
            "Pearson": 0.34632654776873345,
            "Spearman": 0.21120409146303204,
            "Kendall": 0.18331430364195242
        },
        "human_scores": {
            "1.0": 5,
            "2.0": 9,
            "3.0": 25,
            "3.5": 4,
            "4.0": 60,
            "4.5": 26,
            "5.0": 127,
            "5.5": 39,
            "6.0": 295
        },
        "auto_scores": {
            "1.0": 12,
            "2.0": 26,
            "3.0": 88,
            "4.0": 156,
            "5.0": 308
        },
        "human_scores_entropy": 2.1623637409455205,
        "auto_scores_entropy": 1.7192254395086193,
        "kl_divergence": -0.3515284726327531
    },
    "naturalness": {
        "correlation": {
            "Pearson": 0.47518371592241726,
            "Spearman": 0.39588166616689396,
            "Kendall": 0.3348370838370047
        },
        "human_scores": {
            "1.0": 10,
            "1.5": 1,
            "2.0": 18,
            "2.5": 4,
            "3.0": 45,
            "3.5": 13,
            "4.0": 99,
            "4.5": 26,
            "5.0": 156,
            "5.5": 30,
            "6.0": 188
        },
        "auto_scores": {
            "1.0": 12,
            "2.0": 41,
            "3.0": 107,
            "4.0": 224,
            "5.0": 206
        },
        "human_scores_entropy": 2.6045254784335823,
        "auto_scores_entropy": 1.888837651226213,
        "kl_divergence": -0.2784979380532842
    },
    "average": {
        "Pearson": 0.4107551318455753,
        "Spearman": 0.303542878814963,
        "Kendall": 0.2590756937394786
    }
}