{
    "informativeness": {
        "correlation": {
            "Pearson": 0.36305857044036516,
            "Spearman": 0.26024704451083397,
            "Kendall": 0.22794884653891195
        },
        "human_scores": {
            "1.0": 5,
            "2.0": 9,
            "3.0": 25,
            "3.5": 4,
            "4.0": 60,
            "4.5": 26,
            "5.0": 127,
            "5.5": 39,
            "6.0": 295
        },
        "auto_scores": {
            "1.0": 11,
            "2.0": 28,
            "3.0": 85,
            "4.0": 103,
            "5.0": 363
        },
        "human_scores_entropy": 2.1623637409455205,
        "auto_scores_entropy": 1.5892216317294463,
        "kl_divergence": -0.3224942891021414
    },
    "naturalness": {
        "correlation": {
            "Pearson": 0.4592043519126306,
            "Spearman": 0.3884531169518798,
            "Kendall": 0.32825880572034183
        },
        "human_scores": {
            "1.0": 10,
            "1.5": 1,
            "2.0": 18,
            "2.5": 4,
            "3.0": 45,
            "3.5": 13,
            "4.0": 99,
            "4.5": 26,
            "5.0": 156,
            "5.5": 30,
            "6.0": 188
        },
        "auto_scores": {
            "1.0": 8,
            "2.0": 44,
            "3.0": 120,
            "4.0": 194,
            "5.0": 224
        },
        "human_scores_entropy": 2.6045254784335823,
        "auto_scores_entropy": 1.8888551160826452,
        "kl_divergence": -0.2716415929553197
    },
    "average": {
        "Pearson": 0.4111314611764979,
        "Spearman": 0.32435008073135685,
        "Kendall": 0.2781038261296269
    }
}