{
    "informativeness": {
        "correlation": {
            "Pearson": 0.38836824092332384,
            "Spearman": 0.2718963828979181,
            "Kendall": 0.2395946388910827
        },
        "human_scores": {
            "1.0": 5,
            "2.0": 9,
            "3.0": 25,
            "3.5": 4,
            "4.0": 60,
            "4.5": 26,
            "5.0": 127,
            "5.5": 39,
            "6.0": 295
        },
        "auto_scores": {
            "1.0": 7,
            "2.0": 28,
            "3.0": 59,
            "4.0": 265,
            "5.0": 231
        },
        "human_scores_entropy": 2.1623637409455205,
        "auto_scores_entropy": 1.6650842690697583,
        "kl_divergence": -0.3500539395248436
    },
    "naturalness": {
        "correlation": {
            "Pearson": 0.4659177913218665,
            "Spearman": 0.3677389342627435,
            "Kendall": 0.31813382978040766
        },
        "human_scores": {
            "1.0": 10,
            "1.5": 1,
            "2.0": 18,
            "2.5": 4,
            "3.0": 45,
            "3.5": 13,
            "4.0": 99,
            "4.5": 26,
            "5.0": 156,
            "5.5": 30,
            "6.0": 188
        },
        "auto_scores": {
            "1.0": 12,
            "2.0": 39,
            "3.0": 92,
            "4.0": 376,
            "5.0": 71
        },
        "human_scores_entropy": 2.6045254784335823,
        "auto_scores_entropy": 1.5732569235421683,
        "kl_divergence": -0.10452924968427466
    },
    "average": {
        "Pearson": 0.4271430161225952,
        "Spearman": 0.31981765858033084,
        "Kendall": 0.2788642343357452
    }
}