{
    "informativeness": {
        "correlation": {
            "Pearson": 0.3058243149819902,
            "Spearman": 0.22034599786578518,
            "Kendall": 0.1900348456741858
        },
        "human_scores": {
            "1.0": 5,
            "2.0": 9,
            "3.0": 25,
            "3.5": 4,
            "4.0": 60,
            "4.5": 26,
            "5.0": 127,
            "5.5": 39,
            "6.0": 295
        },
        "auto_scores": {
            "1.0": 12,
            "2.0": 29,
            "3.0": 99,
            "4.0": 175,
            "5.0": 275
        },
        "human_scores_entropy": 2.1623637409455205,
        "auto_scores_entropy": 1.7934297948607316,
        "kl_divergence": -0.35132224125269046
    },
    "naturalness": {
        "correlation": {
            "Pearson": 0.47239019028698725,
            "Spearman": 0.3980086047593573,
            "Kendall": 0.3380806556045484
        },
        "human_scores": {
            "1.0": 10,
            "1.5": 1,
            "2.0": 18,
            "2.5": 4,
            "3.0": 45,
            "3.5": 13,
            "4.0": 99,
            "4.5": 26,
            "5.0": 156,
            "5.5": 30,
            "6.0": 188
        },
        "auto_scores": {
            "1.0": 17,
            "2.0": 62,
            "3.0": 147,
            "4.0": 308,
            "5.0": 56
        },
        "human_scores_entropy": 2.6045254784335823,
        "auto_scores_entropy": 1.800535543562012,
        "kl_divergence": -0.05483686252217229
    },
    "average": {
        "Pearson": 0.38910725263448875,
        "Spearman": 0.30917730131257126,
        "Kendall": 0.2640577506393671
    }
}