{
    "informativeness": {
        "correlation": {
            "Pearson": 0.27050026732426086,
            "Spearman": 0.18310921823282234,
            "Kendall": 0.15653328923903115
        },
        "human_scores": {
            "1.0": 5,
            "2.0": 9,
            "3.0": 25,
            "3.5": 4,
            "4.0": 60,
            "4.5": 26,
            "5.0": 127,
            "5.5": 39,
            "6.0": 295
        },
        "auto_scores": {
            "1.0": 20,
            "2.0": 54,
            "3.0": 115,
            "4.0": 227,
            "5.0": 174
        },
        "human_scores_entropy": 2.1623637409455205,
        "auto_scores_entropy": 1.990787215832434,
        "kl_divergence": -0.3126434048807367
    },
    "naturalness": {
        "correlation": {
            "Pearson": 0.46950446416937786,
            "Spearman": 0.3905295005156573,
            "Kendall": 0.3327293486059055
        },
        "human_scores": {
            "1.0": 10,
            "1.5": 1,
            "2.0": 18,
            "2.5": 4,
            "3.0": 45,
            "3.5": 13,
            "4.0": 99,
            "4.5": 26,
            "5.0": 156,
            "5.5": 30,
            "6.0": 188
        },
        "auto_scores": {
            "1.0": 17,
            "2.0": 56,
            "3.0": 137,
            "4.0": 322,
            "5.0": 58
        },
        "human_scores_entropy": 2.6045254784335823,
        "auto_scores_entropy": 1.7648300056519501,
        "kl_divergence": -0.06517120559577733
    },
    "average": {
        "Pearson": 0.37000236574681933,
        "Spearman": 0.28681935937423986,
        "Kendall": 0.2446313189224683
    }
}