{
    "informativeness": {
        "correlation": {
            "Pearson": 0.3800043760197252,
            "Spearman": 0.24882203505197134,
            "Kendall": 0.21919711002745912
        },
        "human_scores": {
            "1.0": 5,
            "2.0": 9,
            "3.0": 25,
            "3.5": 4,
            "4.0": 60,
            "4.5": 26,
            "5.0": 127,
            "5.5": 39,
            "6.0": 295
        },
        "auto_scores": {
            "1.0": 14,
            "2.0": 32,
            "3.0": 50,
            "4.0": 207,
            "5.0": 287
        },
        "human_scores_entropy": 2.1623637409455205,
        "auto_scores_entropy": 1.6937645907647534,
        "kl_divergence": -0.3599960695160443
    },
    "naturalness": {
        "correlation": {
            "Pearson": 0.411186789434899,
            "Spearman": 0.3194501284927737,
            "Kendall": 0.26990025363469167
        },
        "human_scores": {
            "1.0": 10,
            "1.5": 1,
            "2.0": 18,
            "2.5": 4,
            "3.0": 45,
            "3.5": 13,
            "4.0": 99,
            "4.5": 26,
            "5.0": 156,
            "5.5": 30,
            "6.0": 188
        },
        "auto_scores": {
            "1.0": 14,
            "2.0": 57,
            "3.0": 155,
            "4.0": 289,
            "5.0": 75
        },
        "human_scores_entropy": 2.6045254784335823,
        "auto_scores_entropy": 1.8430594382092194,
        "kl_divergence": -0.11465989113609507
    },
    "average": {
        "Pearson": 0.3955955827273121,
        "Spearman": 0.28413608177237254,
        "Kendall": 0.2445486818310754
    }
}