{
    "informativeness": {
        "correlation": {
            "Pearson": 0.27612959434734685,
            "Spearman": 0.17797936968736794,
            "Kendall": 0.15368990825343956
        },
        "human_scores": {
            "1.0": 5,
            "2.0": 9,
            "3.0": 25,
            "3.5": 4,
            "4.0": 60,
            "4.5": 26,
            "5.0": 127,
            "5.5": 39,
            "6.0": 295
        },
        "auto_scores": {
            "1.0": 15,
            "2.0": 41,
            "3.0": 109,
            "4.0": 298,
            "5.0": 127
        },
        "human_scores_entropy": 2.1623637409455205,
        "auto_scores_entropy": 1.8268249462120116,
        "kl_divergence": -0.2774703961651516
    },
    "naturalness": {
        "correlation": {
            "Pearson": 0.39260892652384544,
            "Spearman": 0.280304719875652,
            "Kendall": 0.23730428168909945
        },
        "human_scores": {
            "1.0": 10,
            "1.5": 1,
            "2.0": 18,
            "2.5": 4,
            "3.0": 45,
            "3.5": 13,
            "4.0": 99,
            "4.5": 26,
            "5.0": 156,
            "5.5": 30,
            "6.0": 188
        },
        "auto_scores": {
            "1.0": 25,
            "2.0": 50,
            "3.0": 130,
            "4.0": 331,
            "5.0": 54
        },
        "human_scores_entropy": 2.6045254784335823,
        "auto_scores_entropy": 1.7593872684918819,
        "kl_divergence": -0.050843405239821615
    },
    "average": {
        "Pearson": 0.3343692604355961,
        "Spearman": 0.22914204478150996,
        "Kendall": 0.1954970949712695
    }
}