{
    "informativeness": {
        "correlation": {
            "Pearson": 0.40553802076911416,
            "Spearman": 0.27321555834732586,
            "Kendall": 0.24507694733970023
        },
        "human_scores": {
            "1.0": 5,
            "2.0": 9,
            "3.0": 25,
            "3.5": 4,
            "4.0": 60,
            "4.5": 26,
            "5.0": 127,
            "5.5": 39,
            "6.0": 295
        },
        "auto_scores": {
            "1.0": 9,
            "2.0": 23,
            "3.0": 31,
            "4.0": 221,
            "5.0": 306
        },
        "human_scores_entropy": 2.1623637409455205,
        "auto_scores_entropy": 1.519760159310656,
        "kl_divergence": -0.3547397717573827
    },
    "naturalness": {
        "correlation": {
            "Pearson": 0.4350781927631924,
            "Spearman": 0.34320474861629957,
            "Kendall": 0.29489505621468287
        },
        "human_scores": {
            "1.0": 10,
            "1.5": 1,
            "2.0": 18,
            "2.5": 4,
            "3.0": 45,
            "3.5": 13,
            "4.0": 99,
            "4.5": 26,
            "5.0": 156,
            "5.5": 30,
            "6.0": 188
        },
        "auto_scores": {
            "1.0": 14,
            "2.0": 42,
            "3.0": 98,
            "4.0": 359,
            "5.0": 77
        },
        "human_scores_entropy": 2.6045254784335823,
        "auto_scores_entropy": 1.6491491083766823,
        "kl_divergence": -0.12547808620136547
    },
    "average": {
        "Pearson": 0.42030810676615327,
        "Spearman": 0.3082101534818127,
        "Kendall": 0.26998600177719156
    }
}