{
    "informativeness": {
        "correlation": {
            "Pearson": 0.38967219360526845,
            "Spearman": 0.27752186596558154,
            "Kendall": 0.24441081567311224
        },
        "human_scores": {
            "1.0": 5,
            "2.0": 9,
            "3.0": 25,
            "3.5": 4,
            "4.0": 60,
            "4.5": 26,
            "5.0": 127,
            "5.5": 39,
            "6.0": 295
        },
        "auto_scores": {
            "1.0": 5,
            "2.0": 24,
            "3.0": 77,
            "4.0": 175,
            "5.0": 309
        },
        "human_scores_entropy": 2.1623637409455205,
        "auto_scores_entropy": 1.6384095776079133,
        "kl_divergence": -0.3554595808659451
    },
    "naturalness": {
        "correlation": {
            "Pearson": 0.42308978946434783,
            "Spearman": 0.3173129155873583,
            "Kendall": 0.2724350106159051
        },
        "human_scores": {
            "1.0": 10,
            "1.5": 1,
            "2.0": 18,
            "2.5": 4,
            "3.0": 45,
            "3.5": 13,
            "4.0": 99,
            "4.5": 26,
            "5.0": 156,
            "5.5": 30,
            "6.0": 188
        },
        "auto_scores": {
            "1.0": 9,
            "2.0": 34,
            "3.0": 87,
            "4.0": 377,
            "5.0": 83
        },
        "human_scores_entropy": 2.6045254784335823,
        "auto_scores_entropy": 1.5474660129637579,
        "kl_divergence": -0.1319538953296401
    },
    "average": {
        "Pearson": 0.4063809915348081,
        "Spearman": 0.2974173907764699,
        "Kendall": 0.25842291314450866
    }
}