{
    "informativeness": {
        "correlation": {
            "Pearson": 0.3462900630708178,
            "Spearman": 0.2586910592062489,
            "Kendall": 0.2289119917528774
        },
        "human_scores": {
            "1.0": 5,
            "2.0": 9,
            "3.0": 25,
            "3.5": 4,
            "4.0": 60,
            "4.5": 26,
            "5.0": 127,
            "5.5": 39,
            "6.0": 295
        },
        "auto_scores": {
            "1.0": 6,
            "2.0": 19,
            "3.0": 60,
            "4.0": 190,
            "5.0": 315
        },
        "human_scores_entropy": 2.1623637409455205,
        "auto_scores_entropy": 1.5721017800608323,
        "kl_divergence": -0.35955511381292116
    },
    "naturalness": {
        "correlation": {
            "Pearson": 0.4504054963523505,
            "Spearman": 0.34612602083497784,
            "Kendall": 0.29784938144197015
        },
        "human_scores": {
            "1.0": 10,
            "1.5": 1,
            "2.0": 18,
            "2.5": 4,
            "3.0": 45,
            "3.5": 13,
            "4.0": 99,
            "4.5": 26,
            "5.0": 156,
            "5.5": 30,
            "6.0": 188
        },
        "auto_scores": {
            "1.0": 8,
            "2.0": 30,
            "3.0": 68,
            "4.0": 326,
            "5.0": 158
        },
        "human_scores_entropy": 2.6045254784335823,
        "auto_scores_entropy": 1.6438305890549796,
        "kl_divergence": -0.24250150862740316
    },
    "average": {
        "Pearson": 0.39834777971158414,
        "Spearman": 0.30240854002061335,
        "Kendall": 0.26338068659742375
    }
}