{
    "informativeness": {
        "correlation": {
            "Pearson": 0.3493148611912502,
            "Spearman": 0.23839915331813386,
            "Kendall": 0.2070726047087066
        },
        "human_scores": {
            "1.0": 5,
            "2.0": 9,
            "3.0": 25,
            "3.5": 4,
            "4.0": 60,
            "4.5": 26,
            "5.0": 127,
            "5.5": 39,
            "6.0": 295
        },
        "auto_scores": {
            "1.0": 7,
            "2.0": 20,
            "3.0": 24,
            "4.0": 80,
            "5.0": 161,
            "6.0": 298
        },
        "human_scores_entropy": 2.1623637409455205,
        "auto_scores_entropy": 1.8291927875803482,
        "kl_divergence": 0.01816502612142709
    },
    "naturalness": {
        "correlation": {
            "Pearson": 0.40386617630133725,
            "Spearman": 0.347275757533534,
            "Kendall": 0.2892326417333943
        },
        "human_scores": {
            "1.0": 10,
            "1.5": 1,
            "2.0": 18,
            "2.5": 4,
            "3.0": 45,
            "3.5": 13,
            "4.0": 99,
            "4.5": 26,
            "5.0": 156,
            "5.5": 30,
            "6.0": 188
        },
        "auto_scores": {
            "1.0": 12,
            "2.0": 57,
            "3.0": 116,
            "4.0": 277,
            "5.0": 87,
            "6.0": 41
        },
        "human_scores_entropy": 2.6045254784335823,
        "auto_scores_entropy": 2.0880925466650537,
        "kl_divergence": 0.4981269527851708
    },
    "average": {
        "Pearson": 0.37659051874629373,
        "Spearman": 0.29283745542583395,
        "Kendall": 0.24815262322105044
    }
}