{
    "informativeness": {
        "correlation": {
            "Pearson": 0.23350752248173492,
            "Spearman": 0.12756683797460106,
            "Kendall": 0.11592016482974046
        },
        "human_scores": {
            "1.0": 5,
            "2.0": 9,
            "3.0": 25,
            "3.5": 4,
            "4.0": 60,
            "4.5": 26,
            "5.0": 127,
            "5.5": 39,
            "6.0": 295
        },
        "auto_scores": {
            "1.0": 21,
            "2.0": 238,
            "3.0": 331
        },
        "human_scores_entropy": 2.1623637409455205,
        "auto_scores_entropy": 1.1674477117088076,
        "kl_divergence": -0.17157949365455166
    },
    "naturalness": {
        "correlation": {
            "Pearson": 0.3410245229205191,
            "Spearman": 0.27599098342560824,
            "Kendall": 0.24386512606066876
        },
        "human_scores": {
            "1.0": 10,
            "1.5": 1,
            "2.0": 18,
            "2.5": 4,
            "3.0": 45,
            "3.5": 13,
            "4.0": 99,
            "4.5": 26,
            "5.0": 156,
            "5.5": 30,
            "6.0": 188
        },
        "auto_scores": {
            "1.0": 32,
            "2.0": 484,
            "3.0": 74
        },
        "human_scores_entropy": 2.6045254784335823,
        "auto_scores_entropy": 0.8380807105247189,
        "kl_divergence": -0.17641730701812228
    },
    "average": {
        "Pearson": 0.287266022701127,
        "Spearman": 0.20177891070010465,
        "Kendall": 0.1798926454452046
    }
}