{
    "informativeness": {
        "correlation": {
            "Pearson": 0.31046098538903943,
            "Spearman": 0.18776745937333017,
            "Kendall": 0.15708179169667208
        },
        "human_scores": {
            "1.0": 5,
            "2.0": 9,
            "3.0": 25,
            "3.5": 4,
            "4.0": 60,
            "4.5": 26,
            "5.0": 127,
            "5.5": 39,
            "6.0": 295
        },
        "auto_scores": {
            "0.0": 5,
            "20.0": 8,
            "30.0": 15,
            "40.0": 1,
            "50.0": 26,
            "60.0": 22,
            "65.0": 2,
            "70.0": 16,
            "75.0": 14,
            "80.0": 13,
            "85.0": 187,
            "90.0": 5,
            "95.0": 74,
            "100.0": 202
        },
        "human_scores_entropy": 2.1623637409455205,
        "auto_scores_entropy": 2.5752867612310277,
        "kl_divergence": 0
    },
    "naturalness": {
        "correlation": {
            "Pearson": 0.46583804902108,
            "Spearman": 0.35145337277465044,
            "Kendall": 0.29073675494599527
        },
        "human_scores": {
            "1.0": 10,
            "1.5": 1,
            "2.0": 18,
            "2.5": 4,
            "3.0": 45,
            "3.5": 13,
            "4.0": 99,
            "4.5": 26,
            "5.0": 156,
            "5.5": 30,
            "6.0": 188
        },
        "auto_scores": {
            "0.0": 1,
            "1.0": 1,
            "20.0": 14,
            "30.0": 21,
            "60.0": 33,
            "65.0": 14,
            "70.0": 6,
            "75.0": 95,
            "85.0": 290,
            "90.0": 4,
            "95.0": 92,
            "97.0": 1,
            "98.0": 4,
            "100.0": 14
        },
        "human_scores_entropy": 2.6045254784335823,
        "auto_scores_entropy": 2.345927123230652,
        "kl_divergence": 0.03902686598294993
    },
    "average": {
        "Pearson": 0.38814951720505975,
        "Spearman": 0.2696104160739903,
        "Kendall": 0.22390927332133367
    }
}