{
    "informativeness": {
        "correlation": {
            "Pearson": 0.32406039783550733,
            "Spearman": 0.20140692757121414,
            "Kendall": 0.16690217469351884
        },
        "human_scores": {
            "1.0": 5,
            "2.0": 9,
            "3.0": 25,
            "3.5": 4,
            "4.0": 60,
            "4.5": 26,
            "5.0": 127,
            "5.5": 39,
            "6.0": 295
        },
        "auto_scores": {
            "1.0": 4,
            "10.0": 9,
            "20.0": 12,
            "25.0": 33,
            "30.0": 43,
            "35.0": 12,
            "40.0": 19,
            "45.0": 180,
            "47.0": 1,
            "48.0": 96,
            "49.0": 6,
            "50.0": 175
        },
        "human_scores_entropy": 2.1623637409455205,
        "auto_scores_entropy": 2.588918406689385,
        "kl_divergence": 0.001891047045035676
    },
    "naturalness": {
        "correlation": {
            "Pearson": 0.4800633107187444,
            "Spearman": 0.3579143539638225,
            "Kendall": 0.2970665137302224
        },
        "human_scores": {
            "1.0": 10,
            "1.5": 1,
            "2.0": 18,
            "2.5": 4,
            "3.0": 45,
            "3.5": 13,
            "4.0": 99,
            "4.5": 26,
            "5.0": 156,
            "5.5": 30,
            "6.0": 188
        },
        "auto_scores": {
            "1.0": 2,
            "10.0": 13,
            "20.0": 17,
            "25.0": 14,
            "30.0": 30,
            "35.0": 40,
            "40.0": 71,
            "42.0": 1,
            "45.0": 309,
            "47.0": 2,
            "48.0": 81,
            "49.0": 5,
            "50.0": 5
        },
        "human_scores_entropy": 2.6045254784335823,
        "auto_scores_entropy": 2.3160276739111376,
        "kl_divergence": 0.027278608685323735
    },
    "average": {
        "Pearson": 0.4020618542771259,
        "Spearman": 0.2796606407675183,
        "Kendall": 0.23198434421187064
    }
}