{
    "informativeness": {
        "correlation": {
            "Pearson": 0.33206545208614835,
            "Spearman": 0.1801613723713184,
            "Kendall": 0.15191892709737262
        },
        "human_scores": {
            "1.0": 5,
            "2.0": 9,
            "3.0": 25,
            "3.5": 4,
            "4.0": 60,
            "4.5": 26,
            "5.0": 127,
            "5.5": 39,
            "6.0": 295
        },
        "auto_scores": {
            "1.0": 4,
            "2.0": 5,
            "3.0": 13,
            "6.0": 37,
            "7.0": 51,
            "8.0": 175,
            "9.0": 97,
            "10.0": 208
        },
        "human_scores_entropy": 2.1623637409455205,
        "auto_scores_entropy": 2.2628698299860774,
        "kl_divergence": 1.284116047893057
    },
    "naturalness": {
        "correlation": {
            "Pearson": 0.4660938711107359,
            "Spearman": 0.3683517214562164,
            "Kendall": 0.30712946473356095
        },
        "human_scores": {
            "1.0": 10,
            "1.5": 1,
            "2.0": 18,
            "2.5": 4,
            "3.0": 45,
            "3.5": 13,
            "4.0": 99,
            "4.5": 26,
            "5.0": 156,
            "5.5": 30,
            "6.0": 188
        },
        "auto_scores": {
            "1.0": 2,
            "2.0": 12,
            "3.0": 17,
            "4.0": 5,
            "6.0": 57,
            "7.0": 126,
            "8.0": 271,
            "9.0": 77,
            "10.0": 23
        },
        "human_scores_entropy": 2.6045254784335823,
        "auto_scores_entropy": 2.230715315804383,
        "kl_divergence": 1.3985702180315254
    },
    "average": {
        "Pearson": 0.3990796615984421,
        "Spearman": 0.27425654691376744,
        "Kendall": 0.2295241959154668
    }
}