{
    "informativeness": {
        "correlation": {
            "Pearson": 0.38651636015878305,
            "Spearman": 0.26045813909776994,
            "Kendall": 0.2295584655536881
        },
        "human_scores": {
            "1.0": 5,
            "2.0": 9,
            "3.0": 25,
            "3.5": 4,
            "4.0": 60,
            "4.5": 26,
            "5.0": 127,
            "5.5": 39,
            "6.0": 295
        },
        "auto_scores": {
            "1.0": 6,
            "2.0": 23,
            "3.0": 71,
            "4.0": 192,
            "5.0": 298
        },
        "human_scores_entropy": 2.1623637409455205,
        "auto_scores_entropy": 1.6421834074447006,
        "kl_divergence": -0.35925756236331485
    },
    "naturalness": {
        "correlation": {
            "Pearson": 0.45758973785317714,
            "Spearman": 0.389560899647448,
            "Kendall": 0.330335206598434
        },
        "human_scores": {
            "1.0": 10,
            "1.5": 1,
            "2.0": 18,
            "2.5": 4,
            "3.0": 45,
            "3.5": 13,
            "4.0": 99,
            "4.5": 26,
            "5.0": 156,
            "5.5": 30,
            "6.0": 188
        },
        "auto_scores": {
            "1.0": 16,
            "2.0": 67,
            "3.0": 149,
            "4.0": 286,
            "5.0": 72
        },
        "human_scores_entropy": 2.6045254784335823,
        "auto_scores_entropy": 1.8756865887712397,
        "kl_divergence": -0.10697900013047917
    },
    "average": {
        "Pearson": 0.42205304900598006,
        "Spearman": 0.32500951937260897,
        "Kendall": 0.2799468360760611
    }
}