{
    "informativeness": {
        "correlation": {
            "Pearson": 0.2564908225001064,
            "Spearman": 0.17875656049319158,
            "Kendall": 0.15099077926016863
        },
        "human_scores": {
            "1.0": 5,
            "2.0": 9,
            "3.0": 25,
            "3.5": 4,
            "4.0": 60,
            "4.5": 26,
            "5.0": 127,
            "5.5": 39,
            "6.0": 295
        },
        "auto_scores": {
            "1.0": 35,
            "2.0": 54,
            "3.0": 108,
            "4.0": 311,
            "5.0": 82
        },
        "human_scores_entropy": 2.1623637409455205,
        "auto_scores_entropy": 1.8885446106341934,
        "kl_divergence": -0.20080821561602683
    },
    "naturalness": {
        "correlation": {
            "Pearson": 0.3324985562781836,
            "Spearman": 0.26752034028472044,
            "Kendall": 0.22678389006492652
        },
        "human_scores": {
            "1.0": 10,
            "1.5": 1,
            "2.0": 18,
            "2.5": 4,
            "3.0": 45,
            "3.5": 13,
            "4.0": 99,
            "4.5": 26,
            "5.0": 156,
            "5.5": 30,
            "6.0": 188
        },
        "auto_scores": {
            "1.0": 40,
            "2.0": 81,
            "3.0": 246,
            "4.0": 211,
            "5.0": 12
        },
        "human_scores_entropy": 2.6045254784335823,
        "auto_scores_entropy": 1.8275626337941664,
        "kl_divergence": 0.37674181629900044
    },
    "average": {
        "Pearson": 0.294494689389145,
        "Spearman": 0.22313845038895602,
        "Kendall": 0.1888873346625476
    }
}