{
    "informativeness": {
        "correlation": {
            "Pearson": 0.3418294775620473,
            "Spearman": 0.2246228501855758,
            "Kendall": 0.1955889693311551
        },
        "human_scores": {
            "1.0": 5,
            "2.0": 9,
            "3.0": 25,
            "3.5": 4,
            "4.0": 60,
            "4.5": 26,
            "5.0": 127,
            "5.5": 39,
            "6.0": 295
        },
        "auto_scores": {
            "1.0": 7,
            "2.0": 21,
            "3.0": 90,
            "4.0": 209,
            "5.0": 263
        },
        "human_scores_entropy": 2.1623637409455205,
        "auto_scores_entropy": 1.7109598191793598,
        "kl_divergence": -0.35527186867218075
    },
    "naturalness": {
        "correlation": {
            "Pearson": 0.4455234548333778,
            "Spearman": 0.34658535000833307,
            "Kendall": 0.2972407044630957
        },
        "human_scores": {
            "1.0": 10,
            "1.5": 1,
            "2.0": 18,
            "2.5": 4,
            "3.0": 45,
            "3.5": 13,
            "4.0": 99,
            "4.5": 26,
            "5.0": 156,
            "5.5": 30,
            "6.0": 188
        },
        "auto_scores": {
            "1.0": 10,
            "2.0": 41,
            "3.0": 105,
            "4.0": 373,
            "5.0": 61
        },
        "human_scores_entropy": 2.6045254784335823,
        "auto_scores_entropy": 1.5669431119785295,
        "kl_divergence": -0.07145727682120995
    },
    "average": {
        "Pearson": 0.39367646619771257,
        "Spearman": 0.2856041000969544,
        "Kendall": 0.2464148368971254
    }
}