{
    "informativeness": {
        "correlation": {
            "Pearson": 0.36286081878617044,
            "Spearman": 0.2622081461649249,
            "Kendall": 0.22738722965431835
        },
        "human_scores": {
            "1.0": 5,
            "2.0": 9,
            "3.0": 25,
            "3.5": 4,
            "4.0": 60,
            "4.5": 26,
            "5.0": 127,
            "5.5": 39,
            "6.0": 295
        },
        "auto_scores": {
            "1.0": 9,
            "2.0": 38,
            "3.0": 105,
            "4.0": 167,
            "5.0": 271
        },
        "human_scores_entropy": 2.1623637409455205,
        "auto_scores_entropy": 1.8210332511494647,
        "kl_divergence": -0.34520881992800023
    },
    "naturalness": {
        "correlation": {
            "Pearson": 0.41893062158181105,
            "Spearman": 0.32826508627285517,
            "Kendall": 0.2806303215613026
        },
        "human_scores": {
            "1.0": 10,
            "1.5": 1,
            "2.0": 18,
            "2.5": 4,
            "3.0": 45,
            "3.5": 13,
            "4.0": 99,
            "4.5": 26,
            "5.0": 156,
            "5.5": 30,
            "6.0": 188
        },
        "auto_scores": {
            "1.0": 13,
            "2.0": 41,
            "3.0": 113,
            "4.0": 358,
            "5.0": 65
        },
        "human_scores_entropy": 2.6045254784335823,
        "auto_scores_entropy": 1.633205843595737,
        "kl_divergence": -0.08869744671065843
    },
    "average": {
        "Pearson": 0.39089572018399077,
        "Spearman": 0.29523661621889,
        "Kendall": 0.25400877560781043
    }
}