{
    "informativeness": {
        "correlation": {
            "Pearson": 0.3369873189436543,
            "Spearman": 0.2634373584225882,
            "Kendall": 0.24206931412906496
        },
        "human_scores": {
            "1.0": 3,
            "2.0": 4,
            "2.5": 2,
            "3.0": 12,
            "3.5": 4,
            "4.0": 27,
            "4.5": 13,
            "5.0": 100,
            "5.5": 30,
            "6.0": 242
        },
        "auto_scores": {
            "1.0": 3,
            "2.0": 4,
            "3.0": 18,
            "4.0": 68,
            "5.0": 344
        },
        "human_scores_entropy": 1.9746488363856212,
        "auto_scores_entropy": 0.9902627272793858,
        "kl_divergence": -0.3321142629806062
    },
    "naturalness": {
        "correlation": {
            "Pearson": 0.4259351314600878,
            "Spearman": 0.3283091814229756,
            "Kendall": 0.27976831743407815
        },
        "human_scores": {
            "1.0": 8,
            "1.5": 2,
            "2.0": 10,
            "2.5": 3,
            "3.0": 28,
            "3.5": 12,
            "4.0": 62,
            "4.5": 19,
            "5.0": 136,
            "5.5": 18,
            "6.0": 139
        },
        "auto_scores": {
            "1.0": 7,
            "2.0": 44,
            "3.0": 47,
            "4.0": 259,
            "5.0": 80
        },
        "human_scores_entropy": 2.5473319046921468,
        "auto_scores_entropy": 1.670712019145679,
        "kl_divergence": -0.1205127268754452
    },
    "average": {
        "Pearson": 0.3814612252018711,
        "Spearman": 0.2958732699227819,
        "Kendall": 0.26091881578157156
    }
}