{
    "informativeness": {
        "correlation": {
            "Pearson": 0.2895303561110202,
            "Spearman": 0.24978694989421865,
            "Kendall": 0.21799283242347245
        },
        "human_scores": {
            "1.0": 3,
            "2.0": 4,
            "2.5": 2,
            "3.0": 12,
            "3.5": 4,
            "4.0": 27,
            "4.5": 13,
            "5.0": 100,
            "5.5": 30,
            "6.0": 242
        },
        "auto_scores": {
            "1.0": 10,
            "2.0": 25,
            "3.0": 61,
            "4.0": 136,
            "5.0": 205
        },
        "human_scores_entropy": 1.9746488363856212,
        "auto_scores_entropy": 1.7937342518959292,
        "kl_divergence": -0.35039513390035903
    },
    "naturalness": {
        "correlation": {
            "Pearson": 0.44112736642748235,
            "Spearman": 0.3639489225872963,
            "Kendall": 0.31046494586493256
        },
        "human_scores": {
            "1.0": 8,
            "1.5": 2,
            "2.0": 10,
            "2.5": 3,
            "3.0": 28,
            "3.5": 12,
            "4.0": 62,
            "4.5": 19,
            "5.0": 136,
            "5.5": 18,
            "6.0": 139
        },
        "auto_scores": {
            "1.0": 7,
            "2.0": 38,
            "3.0": 57,
            "4.0": 287,
            "5.0": 48
        },
        "human_scores_entropy": 2.5473319046921468,
        "auto_scores_entropy": 1.53360857988232,
        "kl_divergence": 0.009288641467756986
    },
    "average": {
        "Pearson": 0.36532886126925124,
        "Spearman": 0.3068679362407575,
        "Kendall": 0.2642288891442025
    }
}