{
    "informativeness": {
        "correlation": {
            "Pearson": 0.3199600110936283,
            "Spearman": 0.2695689011522006,
            "Kendall": 0.238505130126476
        },
        "human_scores": {
            "1.0": 3,
            "2.0": 4,
            "2.5": 2,
            "3.0": 12,
            "3.5": 4,
            "4.0": 27,
            "4.5": 13,
            "5.0": 100,
            "5.5": 30,
            "6.0": 242
        },
        "auto_scores": {
            "1.0": 6,
            "2.0": 27,
            "3.0": 70,
            "4.0": 71,
            "5.0": 263
        },
        "human_scores_entropy": 1.9746488363856212,
        "auto_scores_entropy": 1.6231844616800122,
        "kl_divergence": -0.3432927330568776
    },
    "naturalness": {
        "correlation": {
            "Pearson": 0.4404180795029129,
            "Spearman": 0.3542823423659649,
            "Kendall": 0.2980402104083843
        },
        "human_scores": {
            "1.0": 8,
            "1.5": 2,
            "2.0": 10,
            "2.5": 3,
            "3.0": 28,
            "3.5": 12,
            "4.0": 62,
            "4.5": 19,
            "5.0": 136,
            "5.5": 18,
            "6.0": 139
        },
        "auto_scores": {
            "1.0": 5,
            "2.0": 41,
            "3.0": 48,
            "4.0": 172,
            "5.0": 171
        },
        "human_scores_entropy": 2.5473319046921468,
        "auto_scores_entropy": 1.8032565391741837,
        "kl_divergence": -0.2625746308357845
    },
    "average": {
        "Pearson": 0.3801890452982706,
        "Spearman": 0.3119256217590828,
        "Kendall": 0.2682726702674302
    }
}