{
    "informativeness": {
        "correlation": {
            "Pearson": 0.3335894483588501,
            "Spearman": 0.2896154243506151,
            "Kendall": 0.25585547154213123
        },
        "human_scores": {
            "1.0": 3,
            "2.0": 4,
            "2.5": 2,
            "3.0": 12,
            "3.5": 4,
            "4.0": 27,
            "4.5": 13,
            "5.0": 100,
            "5.5": 30,
            "6.0": 242
        },
        "auto_scores": {
            "1.0": 6,
            "2.0": 23,
            "3.0": 76,
            "4.0": 84,
            "5.0": 248
        },
        "human_scores_entropy": 1.9746488363856212,
        "auto_scores_entropy": 1.6685385781854687,
        "kl_divergence": -0.3468403239868598
    },
    "naturalness": {
        "correlation": {
            "Pearson": 0.4370735719698602,
            "Spearman": 0.3490309479830007,
            "Kendall": 0.29438769602532083
        },
        "human_scores": {
            "1.0": 8,
            "1.5": 2,
            "2.0": 10,
            "2.5": 3,
            "3.0": 28,
            "3.5": 12,
            "4.0": 62,
            "4.5": 19,
            "5.0": 136,
            "5.5": 18,
            "6.0": 139
        },
        "auto_scores": {
            "1.0": 6,
            "2.0": 40,
            "3.0": 45,
            "4.0": 182,
            "5.0": 164
        },
        "human_scores_entropy": 2.5473319046921468,
        "auto_scores_entropy": 1.7953397179944535,
        "kl_divergence": -0.2599483853617894
    },
    "average": {
        "Pearson": 0.3853315101643552,
        "Spearman": 0.3193231861668079,
        "Kendall": 0.27512158378372603
    }
}