{
    "informativeness": {
        "correlation": {
            "Pearson": 0.30399161390429047,
            "Spearman": 0.2708289697459347,
            "Kendall": 0.23865602049320944
        },
        "human_scores": {
            "1.0": 3,
            "2.0": 4,
            "2.5": 2,
            "3.0": 12,
            "3.5": 4,
            "4.0": 27,
            "4.5": 13,
            "5.0": 100,
            "5.5": 30,
            "6.0": 242
        },
        "auto_scores": {
            "1.0": 11,
            "2.0": 32,
            "3.0": 44,
            "4.0": 162,
            "5.0": 188
        },
        "human_scores_entropy": 1.9746488363856212,
        "auto_scores_entropy": 1.7976058456842223,
        "kl_divergence": -0.34327271374231383
    },
    "naturalness": {
        "correlation": {
            "Pearson": 0.44967882258013375,
            "Spearman": 0.3781162948391879,
            "Kendall": 0.3268589374090923
        },
        "human_scores": {
            "1.0": 8,
            "1.5": 2,
            "2.0": 10,
            "2.5": 3,
            "3.0": 28,
            "3.5": 12,
            "4.0": 62,
            "4.5": 19,
            "5.0": 136,
            "5.5": 18,
            "6.0": 139
        },
        "auto_scores": {
            "1.0": 19,
            "2.0": 35,
            "3.0": 31,
            "4.0": 318,
            "5.0": 34
        },
        "human_scores_entropy": 2.5473319046921468,
        "auto_scores_entropy": 1.3795303611403429,
        "kl_divergence": 0.11834701265588604
    },
    "average": {
        "Pearson": 0.3768352182422121,
        "Spearman": 0.3244726322925613,
        "Kendall": 0.2827574789511509
    }
}