{
    "informativeness": {
        "correlation": {
            "Pearson": 0.2973129683986155,
            "Spearman": 0.2748719127250532,
            "Kendall": 0.2422612433964436
        },
        "human_scores": {
            "1.0": 3,
            "2.0": 4,
            "2.5": 2,
            "3.0": 12,
            "3.5": 4,
            "4.0": 27,
            "4.5": 13,
            "5.0": 100,
            "5.5": 30,
            "6.0": 242
        },
        "auto_scores": {
            "1.0": 11,
            "2.0": 27,
            "3.0": 60,
            "4.0": 90,
            "5.0": 249
        },
        "human_scores_entropy": 1.9746488363856212,
        "auto_scores_entropy": 1.707058334821976,
        "kl_divergence": -0.354579224100795
    },
    "naturalness": {
        "correlation": {
            "Pearson": 0.46187221562022457,
            "Spearman": 0.4015373857410921,
            "Kendall": 0.34325430774373905
        },
        "human_scores": {
            "1.0": 8,
            "1.5": 2,
            "2.0": 10,
            "2.5": 3,
            "3.0": 28,
            "3.5": 12,
            "4.0": 62,
            "4.5": 19,
            "5.0": 136,
            "5.5": 18,
            "6.0": 139
        },
        "auto_scores": {
            "1.0": 11,
            "2.0": 45,
            "3.0": 95,
            "4.0": 243,
            "5.0": 43
        },
        "human_scores_entropy": 2.5473319046921468,
        "auto_scores_entropy": 1.7500198064349675,
        "kl_divergence": 0.03213099885464765
    },
    "average": {
        "Pearson": 0.37959259200942,
        "Spearman": 0.33820464923307264,
        "Kendall": 0.2927577755700913
    }
}