{
    "informativeness": {
        "correlation": {
            "Pearson": 0.23736100157832618,
            "Spearman": 0.2078530813349323,
            "Kendall": 0.17952285400679358
        },
        "human_scores": {
            "1.0": 3,
            "2.0": 4,
            "2.5": 2,
            "3.0": 12,
            "3.5": 4,
            "4.0": 27,
            "4.5": 13,
            "5.0": 100,
            "5.5": 30,
            "6.0": 242
        },
        "auto_scores": {
            "1.0": 15,
            "2.0": 38,
            "3.0": 94,
            "4.0": 129,
            "5.0": 161
        },
        "human_scores_entropy": 1.9746488363856212,
        "auto_scores_entropy": 2.0005926964371317,
        "kl_divergence": -0.3101939388311752
    },
    "naturalness": {
        "correlation": {
            "Pearson": 0.42049878107653726,
            "Spearman": 0.37143520504101607,
            "Kendall": 0.31780635588279105
        },
        "human_scores": {
            "1.0": 8,
            "1.5": 2,
            "2.0": 10,
            "2.5": 3,
            "3.0": 28,
            "3.5": 12,
            "4.0": 62,
            "4.5": 19,
            "5.0": 136,
            "5.5": 18,
            "6.0": 139
        },
        "auto_scores": {
            "1.0": 10,
            "2.0": 43,
            "3.0": 83,
            "4.0": 251,
            "5.0": 50
        },
        "human_scores_entropy": 2.5473319046921468,
        "auto_scores_entropy": 1.726347181781517,
        "kl_divergence": -0.009742889283548939
    },
    "average": {
        "Pearson": 0.3289298913274317,
        "Spearman": 0.28964414318797416,
        "Kendall": 0.2486646049447923
    }
}