{
    "informativeness": {
        "correlation": {
            "Pearson": 0.1976807994991941,
            "Spearman": 0.143873316901099,
            "Kendall": 0.12634342125261744
        },
        "human_scores": {
            "1.0": 3,
            "2.0": 4,
            "2.5": 2,
            "3.0": 12,
            "3.5": 4,
            "4.0": 27,
            "4.5": 13,
            "5.0": 100,
            "5.5": 30,
            "6.0": 242
        },
        "auto_scores": {
            "1.0": 5,
            "2.0": 11,
            "3.0": 71,
            "4.0": 151,
            "5.0": 199
        },
        "human_scores_entropy": 1.9746488363856212,
        "auto_scores_entropy": 1.6799955361126062,
        "kl_divergence": -0.342270030253668
    },
    "naturalness": {
        "correlation": {
            "Pearson": 0.4098238636896228,
            "Spearman": 0.37858489520258304,
            "Kendall": 0.31984888004190315
        },
        "human_scores": {
            "1.0": 8,
            "1.5": 2,
            "2.0": 10,
            "2.5": 3,
            "3.0": 28,
            "3.5": 12,
            "4.0": 62,
            "4.5": 19,
            "5.0": 136,
            "5.5": 18,
            "6.0": 139
        },
        "auto_scores": {
            "1.0": 9,
            "2.0": 52,
            "3.0": 43,
            "4.0": 214,
            "5.0": 119
        },
        "human_scores_entropy": 2.5473319046921468,
        "auto_scores_entropy": 1.8254052046676499,
        "kl_divergence": -0.2081139385327178
    },
    "average": {
        "Pearson": 0.30375233159440845,
        "Spearman": 0.261229106051841,
        "Kendall": 0.2230961506472603
    }
}