{
    "informativeness": {
        "correlation": {
            "Pearson": 0.2732615712516661,
            "Spearman": 0.231616984940517,
            "Kendall": 0.20360422482312013
        },
        "human_scores": {
            "1.0": 3,
            "2.0": 4,
            "2.5": 2,
            "3.0": 12,
            "3.5": 4,
            "4.0": 27,
            "4.5": 13,
            "5.0": 100,
            "5.5": 30,
            "6.0": 242
        },
        "auto_scores": {
            "1.0": 12,
            "2.0": 29,
            "3.0": 27,
            "4.0": 121,
            "5.0": 248
        },
        "human_scores_entropy": 1.9746488363856212,
        "auto_scores_entropy": 1.6270819223336919,
        "kl_divergence": -0.3631111212220785
    },
    "naturalness": {
        "correlation": {
            "Pearson": 0.36451090400523073,
            "Spearman": 0.3143772465737088,
            "Kendall": 0.26838110638579094
        },
        "human_scores": {
            "1.0": 8,
            "1.5": 2,
            "2.0": 10,
            "2.5": 3,
            "3.0": 28,
            "3.5": 12,
            "4.0": 62,
            "4.5": 19,
            "5.0": 136,
            "5.5": 18,
            "6.0": 139
        },
        "auto_scores": {
            "1.0": 12,
            "2.0": 44,
            "3.0": 125,
            "4.0": 233,
            "5.0": 23
        },
        "human_scores_entropy": 2.5473319046921468,
        "auto_scores_entropy": 1.6997391868799705,
        "kl_divergence": 0.21739624040896244
    },
    "average": {
        "Pearson": 0.3188862376284484,
        "Spearman": 0.2729971157571129,
        "Kendall": 0.23599266560445553
    }
}