{
    "informativeness": {
        "correlation": {
            "Pearson": 0.16865026530547045,
            "Spearman": 0.07075588590113639,
            "Kendall": 0.062462606372642886
        },
        "human_scores": {
            "1.0": 3,
            "2.0": 4,
            "2.5": 2,
            "3.0": 12,
            "3.5": 4,
            "4.0": 27,
            "4.5": 13,
            "5.0": 100,
            "5.5": 30,
            "6.0": 242
        },
        "auto_scores": {
            "1.0": 8,
            "2.0": 14,
            "3.0": 70,
            "4.0": 219,
            "5.0": 126
        },
        "human_scores_entropy": 1.9746488363856212,
        "auto_scores_entropy": 1.7047425209683316,
        "kl_divergence": -0.2812707605134003
    },
    "naturalness": {
        "correlation": {
            "Pearson": 0.4079423326647149,
            "Spearman": 0.35345673482105666,
            "Kendall": 0.29829678126383735
        },
        "human_scores": {
            "1.0": 8,
            "1.5": 2,
            "2.0": 10,
            "2.5": 3,
            "3.0": 28,
            "3.5": 12,
            "4.0": 62,
            "4.5": 19,
            "5.0": 136,
            "5.5": 18,
            "6.0": 139
        },
        "auto_scores": {
            "1.0": 13,
            "2.0": 38,
            "3.0": 92,
            "4.0": 242,
            "5.0": 52
        },
        "human_scores_entropy": 2.5473319046921468,
        "auto_scores_entropy": 1.7680971798719387,
        "kl_divergence": -0.021334079437926146
    },
    "average": {
        "Pearson": 0.2882962989850927,
        "Spearman": 0.21210631036109653,
        "Kendall": 0.18037969381824012
    }
}