{
    "informativeness": {
        "correlation": {
            "Pearson": 0.256868867293624,
            "Spearman": 0.2242502987359313,
            "Kendall": 0.19581144746383453
        },
        "human_scores": {
            "1.0": 3,
            "2.0": 4,
            "2.5": 2,
            "3.0": 12,
            "3.5": 4,
            "4.0": 27,
            "4.5": 13,
            "5.0": 100,
            "5.5": 30,
            "6.0": 242
        },
        "auto_scores": {
            "1.0": 7,
            "2.0": 15,
            "3.0": 64,
            "4.0": 98,
            "5.0": 253
        },
        "human_scores_entropy": 1.9746488363856212,
        "auto_scores_entropy": 1.608574635382791,
        "kl_divergence": -0.3573993377993391
    },
    "naturalness": {
        "correlation": {
            "Pearson": 0.38628629246461393,
            "Spearman": 0.3043786600027917,
            "Kendall": 0.25950894590929713
        },
        "human_scores": {
            "1.0": 8,
            "1.5": 2,
            "2.0": 10,
            "2.5": 3,
            "3.0": 28,
            "3.5": 12,
            "4.0": 62,
            "4.5": 19,
            "5.0": 136,
            "5.5": 18,
            "6.0": 139
        },
        "auto_scores": {
            "1.0": 4,
            "2.0": 32,
            "3.0": 64,
            "4.0": 278,
            "5.0": 59
        },
        "human_scores_entropy": 2.5473319046921468,
        "auto_scores_entropy": 1.5491975744674549,
        "kl_divergence": -0.039423676776200234
    },
    "average": {
        "Pearson": 0.32157757987911895,
        "Spearman": 0.2643144793693615,
        "Kendall": 0.22766019668656584
    }
}