{
    "informativeness": {
        "correlation": {
            "Pearson": 0.25779951744851637,
            "Spearman": 0.19504829690444522,
            "Kendall": 0.17244800570092503
        },
        "human_scores": {
            "1.0": 3,
            "2.0": 4,
            "2.5": 2,
            "3.0": 12,
            "3.5": 4,
            "4.0": 27,
            "4.5": 13,
            "5.0": 100,
            "5.5": 30,
            "6.0": 242
        },
        "auto_scores": {
            "1.0": 5,
            "2.0": 14,
            "3.0": 56,
            "4.0": 113,
            "5.0": 249
        },
        "human_scores_entropy": 1.9746488363856212,
        "auto_scores_entropy": 1.5796240487767141,
        "kl_divergence": -0.3611684112210254
    },
    "naturalness": {
        "correlation": {
            "Pearson": 0.4362006425243718,
            "Spearman": 0.3514889632159551,
            "Kendall": 0.3012117862419333
        },
        "human_scores": {
            "1.0": 8,
            "1.5": 2,
            "2.0": 10,
            "2.5": 3,
            "3.0": 28,
            "3.5": 12,
            "4.0": 62,
            "4.5": 19,
            "5.0": 136,
            "5.5": 18,
            "6.0": 139
        },
        "auto_scores": {
            "1.0": 7,
            "2.0": 28,
            "3.0": 40,
            "4.0": 212,
            "5.0": 150
        },
        "human_scores_entropy": 2.5473319046921468,
        "auto_scores_entropy": 1.701062728060573,
        "kl_divergence": -0.2476820781318428
    },
    "average": {
        "Pearson": 0.3470000799864441,
        "Spearman": 0.27326863006020014,
        "Kendall": 0.23682989597142917
    }
}