{
    "informativeness": {
        "correlation": {
            "Pearson": 0.3027740191006112,
            "Spearman": 0.2608485451490531,
            "Kendall": 0.22483935398736168
        },
        "human_scores": {
            "1.0": 3,
            "2.0": 4,
            "2.5": 2,
            "3.0": 12,
            "3.5": 4,
            "4.0": 27,
            "4.5": 13,
            "5.0": 100,
            "5.5": 30,
            "6.0": 242
        },
        "auto_scores": {
            "1.0": 10,
            "2.0": 13,
            "3.0": 26,
            "4.0": 73,
            "5.0": 99,
            "6.0": 216
        },
        "human_scores_entropy": 1.9746488363856212,
        "auto_scores_entropy": 1.9368083971669414,
        "kl_divergence": 0.05469624898961635
    },
    "naturalness": {
        "correlation": {
            "Pearson": 0.3674841319153601,
            "Spearman": 0.3132361671257518,
            "Kendall": 0.25768150386286554
        },
        "human_scores": {
            "1.0": 8,
            "1.5": 2,
            "2.0": 10,
            "2.5": 3,
            "3.0": 28,
            "3.5": 12,
            "4.0": 62,
            "4.5": 19,
            "5.0": 136,
            "5.5": 18,
            "6.0": 139
        },
        "auto_scores": {
            "1.0": 9,
            "2.0": 54,
            "3.0": 63,
            "4.0": 179,
            "5.0": 98,
            "6.0": 34
        },
        "human_scores_entropy": 2.5473319046921468,
        "auto_scores_entropy": 2.188697225183878,
        "kl_divergence": 0.41418771472465826
    },
    "average": {
        "Pearson": 0.33512907550798565,
        "Spearman": 0.2870423561374025,
        "Kendall": 0.24126042892511362
    }
}