{
    "informativeness": {
        "correlation": {
            "Pearson": 0.2872751606380646,
            "Spearman": 0.25123829939529485,
            "Kendall": 0.21222377724594238
        },
        "human_scores": {
            "1.0": 3,
            "2.0": 4,
            "2.5": 2,
            "3.0": 12,
            "3.5": 4,
            "4.0": 27,
            "4.5": 13,
            "5.0": 100,
            "5.5": 30,
            "6.0": 242
        },
        "auto_scores": {
            "0.0": 3,
            "20.0": 8,
            "30.0": 8,
            "50.0": 4,
            "60.0": 38,
            "70.0": 11,
            "75.0": 12,
            "80.0": 11,
            "85.0": 123,
            "90.0": 4,
            "95.0": 41,
            "100.0": 174
        },
        "human_scores_entropy": 1.9746488363856212,
        "auto_scores_entropy": 2.4649350913416948,
        "kl_divergence": 0
    },
    "naturalness": {
        "correlation": {
            "Pearson": 0.44990998171155705,
            "Spearman": 0.36061795952430187,
            "Kendall": 0.29967102993171935
        },
        "human_scores": {
            "1.0": 8,
            "1.5": 2,
            "2.0": 10,
            "2.5": 3,
            "3.0": 28,
            "3.5": 12,
            "4.0": 62,
            "4.5": 19,
            "5.0": 136,
            "5.5": 18,
            "6.0": 139
        },
        "auto_scores": {
            "20.0": 9,
            "30.0": 24,
            "45.0": 1,
            "60.0": 16,
            "65.0": 5,
            "70.0": 2,
            "75.0": 55,
            "85.0": 226,
            "90.0": 3,
            "95.0": 87,
            "98.0": 1,
            "100.0": 8
        },
        "human_scores_entropy": 2.5473319046921468,
        "auto_scores_entropy": 2.1563767306094843,
        "kl_divergence": 0
    },
    "average": {
        "Pearson": 0.3685925711748108,
        "Spearman": 0.30592812945979836,
        "Kendall": 0.25594740358883084
    }
}