{
    "informativeness": {
        "correlation": {
            "Pearson": 0.3393172655343412,
            "Spearman": 0.285735387502076,
            "Kendall": 0.24408692879537316
        },
        "human_scores": {
            "1.0": 3,
            "2.0": 4,
            "2.5": 2,
            "3.0": 12,
            "3.5": 4,
            "4.0": 27,
            "4.5": 13,
            "5.0": 100,
            "5.5": 30,
            "6.0": 242
        },
        "auto_scores": {
            "1.0": 3,
            "2.0": 7,
            "3.0": 6,
            "4.0": 1,
            "6.0": 37,
            "7.0": 31,
            "8.0": 127,
            "9.0": 51,
            "10.0": 174
        },
        "human_scores_entropy": 1.9746488363856212,
        "auto_scores_entropy": 2.231043650165477,
        "kl_divergence": 1.639601134493001
    },
    "naturalness": {
        "correlation": {
            "Pearson": 0.40764893951151593,
            "Spearman": 0.3232677880233353,
            "Kendall": 0.2654469900480567
        },
        "human_scores": {
            "1.0": 8,
            "1.5": 2,
            "2.0": 10,
            "2.5": 3,
            "3.0": 28,
            "3.5": 12,
            "4.0": 62,
            "4.5": 19,
            "5.0": 136,
            "5.5": 18,
            "6.0": 139
        },
        "auto_scores": {
            "2.0": 8,
            "3.0": 17,
            "4.0": 6,
            "6.0": 29,
            "7.0": 73,
            "8.0": 220,
            "9.0": 72,
            "10.0": 12
        },
        "human_scores_entropy": 2.5473319046921468,
        "auto_scores_entropy": 2.133300517440074,
        "kl_divergence": 1.2436250592666336
    },
    "average": {
        "Pearson": 0.3734831025229286,
        "Spearman": 0.30450158776270564,
        "Kendall": 0.25476695942171496
    }
}