{
    "informativeness": {
        "correlation": {
            "Pearson": 0.27737730965387175,
            "Spearman": 0.24169969232298194,
            "Kendall": 0.20523622038035608
        },
        "human_scores": {
            "1.0": 3,
            "2.0": 4,
            "2.5": 2,
            "3.0": 12,
            "3.5": 4,
            "4.0": 27,
            "4.5": 13,
            "5.0": 100,
            "5.5": 30,
            "6.0": 242
        },
        "auto_scores": {
            "1.0": 4,
            "10.0": 5,
            "20.0": 10,
            "25.0": 9,
            "30.0": 49,
            "35.0": 9,
            "40.0": 16,
            "45.0": 132,
            "48.0": 52,
            "49.0": 3,
            "50.0": 148
        },
        "human_scores_entropy": 1.9746488363856212,
        "auto_scores_entropy": 2.4853447818007863,
        "kl_divergence": -0.0019749341358245827
    },
    "naturalness": {
        "correlation": {
            "Pearson": 0.4553803920901682,
            "Spearman": 0.3570840047407486,
            "Kendall": 0.29665534669074495
        },
        "human_scores": {
            "1.0": 8,
            "1.5": 2,
            "2.0": 10,
            "2.5": 3,
            "3.0": 28,
            "3.5": 12,
            "4.0": 62,
            "4.5": 19,
            "5.0": 136,
            "5.5": 18,
            "6.0": 139
        },
        "auto_scores": {
            "0.0": 1,
            "1.0": 1,
            "5.0": 1,
            "10.0": 7,
            "20.0": 22,
            "25.0": 9,
            "30.0": 16,
            "35.0": 16,
            "40.0": 48,
            "45.0": 230,
            "47.0": 2,
            "48.0": 76,
            "49.0": 2,
            "50.0": 6
        },
        "human_scores_entropy": 2.5473319046921468,
        "auto_scores_entropy": 2.2699300121658936,
        "kl_divergence": 1.5669487340813313
    },
    "average": {
        "Pearson": 0.36637885087201993,
        "Spearman": 0.2993918485318653,
        "Kendall": 0.2509457835355505
    }
}