{
    "informativeness": {
        "correlation": {
            "Pearson": 0.24535186059248348,
            "Spearman": 0.2089345098193867,
            "Kendall": 0.1918121007256668
        },
        "human_scores": {
            "1.0": 3,
            "2.0": 4,
            "2.5": 2,
            "3.0": 12,
            "3.5": 4,
            "4.0": 27,
            "4.5": 13,
            "5.0": 100,
            "5.5": 30,
            "6.0": 242
        },
        "auto_scores": {
            "1.0": 18,
            "2.0": 171,
            "3.0": 248
        },
        "human_scores_entropy": 1.9746488363856212,
        "auto_scores_entropy": 1.1830406936484354,
        "kl_divergence": -0.14145759287838805
    },
    "naturalness": {
        "correlation": {
            "Pearson": 0.2906036187899663,
            "Spearman": 0.2632396435367514,
            "Kendall": 0.23013688125043757
        },
        "human_scores": {
            "1.0": 8,
            "1.5": 2,
            "2.0": 10,
            "2.5": 3,
            "3.0": 28,
            "3.5": 12,
            "4.0": 62,
            "4.5": 19,
            "5.0": 136,
            "5.5": 18,
            "6.0": 139
        },
        "auto_scores": {
            "1.0": 35,
            "2.0": 317,
            "3.0": 85
        },
        "human_scores_entropy": 2.5473319046921468,
        "auto_scores_entropy": 1.0871265227752653,
        "kl_divergence": -0.20288909530188975
    },
    "average": {
        "Pearson": 0.2679777396912249,
        "Spearman": 0.23608707667806905,
        "Kendall": 0.21097449098805218
    }
}