{
    "informativeness": {
        "correlation": {
            "Pearson": 0.338893198856729,
            "Spearman": 0.3019694280002319,
            "Kendall": 0.26424725347108685
        },
        "human_scores": {
            "1.0": 3,
            "2.0": 4,
            "2.5": 2,
            "3.0": 12,
            "3.5": 4,
            "4.0": 27,
            "4.5": 13,
            "5.0": 100,
            "5.5": 30,
            "6.0": 242
        },
        "auto_scores": {
            "1.0": 7,
            "2.0": 30,
            "3.0": 57,
            "4.0": 85,
            "5.0": 258
        },
        "human_scores_entropy": 1.9746488363856212,
        "auto_scores_entropy": 1.652432731283314,
        "kl_divergence": -0.3538844571140683
    },
    "naturalness": {
        "correlation": {
            "Pearson": 0.40062611783641144,
            "Spearman": 0.3244984875401775,
            "Kendall": 0.27358821387259513
        },
        "human_scores": {
            "1.0": 8,
            "1.5": 2,
            "2.0": 10,
            "2.5": 3,
            "3.0": 28,
            "3.5": 12,
            "4.0": 62,
            "4.5": 19,
            "5.0": 136,
            "5.5": 18,
            "6.0": 139
        },
        "auto_scores": {
            "1.0": 10,
            "2.0": 50,
            "3.0": 84,
            "4.0": 244,
            "5.0": 49
        },
        "human_scores_entropy": 2.5473319046921468,
        "auto_scores_entropy": 1.7632802093678408,
        "kl_divergence": -0.003380486796491722
    },
    "average": {
        "Pearson": 0.3697596583465702,
        "Spearman": 0.3132339577702047,
        "Kendall": 0.268917733671841
    }
}