{
    "informativeness": {
        "correlation": {
            "Pearson": 0.24437412951555942,
            "Spearman": 0.20571078769234208,
            "Kendall": 0.1784012842986486
        },
        "human_scores": {
            "1.0": 3,
            "2.0": 4,
            "2.5": 2,
            "3.0": 12,
            "3.5": 4,
            "4.0": 27,
            "4.5": 13,
            "5.0": 100,
            "5.5": 30,
            "6.0": 242
        },
        "auto_scores": {
            "1.0": 25,
            "2.0": 51,
            "3.0": 86,
            "4.0": 244,
            "5.0": 31
        },
        "human_scores_entropy": 1.9746488363856212,
        "auto_scores_entropy": 1.7995698766478934,
        "kl_divergence": -0.002487952442487007
    },
    "naturalness": {
        "correlation": {
            "Pearson": 0.3499603926046134,
            "Spearman": 0.3155184590448772,
            "Kendall": 0.26735271123548293
        },
        "human_scores": {
            "1.0": 8,
            "1.5": 2,
            "2.0": 10,
            "2.5": 3,
            "3.0": 28,
            "3.5": 12,
            "4.0": 62,
            "4.5": 19,
            "5.0": 136,
            "5.5": 18,
            "6.0": 139
        },
        "auto_scores": {
            "1.0": 40,
            "2.0": 53,
            "3.0": 189,
            "4.0": 149,
            "5.0": 6
        },
        "human_scores_entropy": 2.5473319046921468,
        "auto_scores_entropy": 1.822092191197816,
        "kl_divergence": 0.6758128236439975
    },
    "average": {
        "Pearson": 0.2971672610600864,
        "Spearman": 0.26061462336860963,
        "Kendall": 0.22287699776706577
    }
}