{
    "informativeness": {
        "correlation": {
            "Pearson": 0.2697619224363987,
            "Spearman": 0.2244861121042323,
            "Kendall": 0.1958073851010635
        },
        "human_scores": {
            "1.0": 3,
            "2.0": 4,
            "2.5": 2,
            "3.0": 12,
            "3.5": 4,
            "4.0": 27,
            "4.5": 13,
            "5.0": 100,
            "5.5": 30,
            "6.0": 242
        },
        "auto_scores": {
            "1.0": 9,
            "2.0": 22,
            "3.0": 87,
            "4.0": 127,
            "5.0": 192
        },
        "human_scores_entropy": 1.9746488363856212,
        "auto_scores_entropy": 1.8354513456553634,
        "kl_divergence": -0.33578022634537397
    },
    "naturalness": {
        "correlation": {
            "Pearson": 0.4590622975125581,
            "Spearman": 0.40127731493277913,
            "Kendall": 0.34809166404551356
        },
        "human_scores": {
            "1.0": 8,
            "1.5": 2,
            "2.0": 10,
            "2.5": 3,
            "3.0": 28,
            "3.5": 12,
            "4.0": 62,
            "4.5": 19,
            "5.0": 136,
            "5.5": 18,
            "6.0": 139
        },
        "auto_scores": {
            "1.0": 7,
            "2.0": 37,
            "3.0": 54,
            "4.0": 278,
            "5.0": 61
        },
        "human_scores_entropy": 2.5473319046921468,
        "auto_scores_entropy": 1.581544893052148,
        "kl_divergence": -0.054140465282543904
    },
    "average": {
        "Pearson": 0.36441210997447837,
        "Spearman": 0.3128817135185057,
        "Kendall": 0.2719495245732885
    }
}