{
    "informativeness": {
        "correlation": {
            "Pearson": 0.29841235661601645,
            "Spearman": 0.28207323403656004,
            "Kendall": 0.24721046380257236
        },
        "human_scores": {
            "1.0": 3,
            "2.0": 4,
            "2.5": 2,
            "3.0": 12,
            "3.5": 4,
            "4.0": 27,
            "4.5": 13,
            "5.0": 100,
            "5.5": 30,
            "6.0": 242
        },
        "auto_scores": {
            "1.0": 6,
            "2.0": 37,
            "3.0": 67,
            "4.0": 92,
            "5.0": 235
        },
        "human_scores_entropy": 1.9746488363856212,
        "auto_scores_entropy": 1.7558448294701887,
        "kl_divergence": -0.34674533215279973
    },
    "naturalness": {
        "correlation": {
            "Pearson": 0.4357555350242804,
            "Spearman": 0.39442318980100277,
            "Kendall": 0.33951666363873345
        },
        "human_scores": {
            "1.0": 8,
            "1.5": 2,
            "2.0": 10,
            "2.5": 3,
            "3.0": 28,
            "3.5": 12,
            "4.0": 62,
            "4.5": 19,
            "5.0": 136,
            "5.5": 18,
            "6.0": 139
        },
        "auto_scores": {
            "1.0": 6,
            "2.0": 37,
            "3.0": 64,
            "4.0": 280,
            "5.0": 50
        },
        "human_scores_entropy": 2.5473319046921468,
        "auto_scores_entropy": 1.561760399098024,
        "kl_divergence": -0.001845088449183685
    },
    "average": {
        "Pearson": 0.3670839458201484,
        "Spearman": 0.3382482119187814,
        "Kendall": 0.2933635637206529
    }
}