{
    "relevance": {
        "correlation": {
            "Pearson": 0.46861415334861833,
            "Spearman": 0.41602357303107895,
            "Kendall": 0.35383880392943046
        },
        "human_scores": {
            "1.0": 33,
            "1.3333333333333333": 43,
            "1.6666666666666667": 46,
            "2.0": 67,
            "2.3333333333333335": 67,
            "2.6666666666666665": 63,
            "3.0": 72,
            "3.3333333333333335": 40,
            "3.6666666666666665": 34,
            "4.0": 29,
            "4.333333333333333": 13,
            "4.666666666666667": 12,
            "5.0": 9
        },
        "auto_scores": {
            "1.0": 464,
            "2.0": 33,
            "3.0": 11,
            "4.0": 15,
            "5.0": 5
        },
        "human_scores_entropy": 3.487719256120766,
        "auto_scores_entropy": 0.7397825002455798,
        "kl_divergence": 1.5256286861644057
    },
    "coherence": {
        "correlation": {
            "Pearson": 0.5090692568138676,
            "Spearman": 0.39140655003379377,
            "Kendall": 0.3356411529429384
        },
        "human_scores": {
            "1.0": 3,
            "1.3333333333333333": 3,
            "1.6666666666666667": 17,
            "2.0": 22,
            "2.3333333333333335": 45,
            "2.6666666666666665": 96,
            "3.0": 101,
            "3.3333333333333335": 90,
            "3.6666666666666665": 70,
            "4.0": 36,
            "4.333333333333333": 16,
            "4.666666666666667": 18,
            "5.0": 11
        },
        "auto_scores": {
            "1.0": 432,
            "2.0": 54,
            "3.0": 16,
            "4.0": 18,
            "5.0": 8
        },
        "human_scores_entropy": 3.1629176500093727,
        "auto_scores_entropy": 0.9839131040603334,
        "kl_divergence": 2.103798057713172
    },
    "empathy": {
        "correlation": {
            "Pearson": 0.41621994347548347,
            "Spearman": 0.3918950516684837,
            "Kendall": 0.319257139411945
        },
        "human_scores": {
            "1.0": 27,
            "1.3333333333333333": 44,
            "1.6666666666666667": 70,
            "2.0": 110,
            "2.3333333333333335": 96,
            "2.6666666666666665": 78,
            "3.0": 43,
            "3.3333333333333335": 37,
            "3.6666666666666665": 11,
            "4.0": 9,
            "4.333333333333333": 1,
            "4.666666666666667": 2
        },
        "auto_scores": {
            "1.0": 222,
            "2.0": 117,
            "2.51": 1,
            "3.0": 108,
            "4.0": 72,
            "5.0": 8
        },
        "human_scores_entropy": 3.0582646905871393,
        "auto_scores_entropy": 1.9762966859143571,
        "kl_divergence": 0.35215957175648727
    },
    "surprise": {
        "correlation": {
            "Pearson": 0.061557861311732444,
            "Spearman": 0.2779892691672878,
            "Kendall": 0.23454181244456165
        },
        "human_scores": {
            "1.0": 30,
            "1.3333333333333333": 56,
            "1.6666666666666667": 136,
            "2.0": 105,
            "2.3333333333333335": 70,
            "2.6666666666666665": 58,
            "3.0": 27,
            "3.3333333333333335": 22,
            "3.6666666666666665": 10,
            "4.0": 10,
            "4.333333333333333": 3,
            "4.666666666666667": 1
        },
        "auto_scores": {
            "1.0": 380,
            "2.0": 26,
            "2.51": 9,
            "3.0": 38,
            "4.0": 67,
            "5.0": 7,
            "100.0": 1
        },
        "human_scores_entropy": 2.9690059834865554,
        "auto_scores_entropy": 1.4065407205396283,
        "kl_divergence": 1.33620479277022
    },
    "engagement": {
        "correlation": {
            "Pearson": 0.4900331526523668,
            "Spearman": 0.4220875401213045,
            "Kendall": 0.36095668055590785
        },
        "human_scores": {
            "1.0": 13,
            "1.3333333333333333": 25,
            "1.6666666666666667": 40,
            "2.0": 62,
            "2.3333333333333335": 95,
            "2.6666666666666665": 83,
            "3.0": 79,
            "3.3333333333333335": 51,
            "3.6666666666666665": 42,
            "4.0": 24,
            "4.333333333333333": 7,
            "4.666666666666667": 7
        },
        "auto_scores": {
            "1.0": 307,
            "2.0": 177,
            "3.0": 11,
            "4.0": 32,
            "5.0": 1
        },
        "human_scores_entropy": 3.243985513407171,
        "auto_scores_entropy": 1.3620398623540106,
        "kl_divergence": 1.224862546285081
    },
    "complexity": {
        "correlation": {
            "Pearson": 0.5428820102466868,
            "Spearman": 0.4836444855136742,
            "Kendall": 0.40843664362424825
        },
        "human_scores": {
            "1.0": 24,
            "1.3333333333333333": 23,
            "1.6666666666666667": 66,
            "2.0": 82,
            "2.3333333333333335": 94,
            "2.6666666666666665": 85,
            "3.0": 70,
            "3.3333333333333335": 39,
            "3.6666666666666665": 17,
            "4.0": 18,
            "4.333333333333333": 8,
            "4.666666666666667": 2
        },
        "auto_scores": {
            "1.0": 188,
            "2.0": 228,
            "3.0": 62,
            "4.0": 49,
            "5.0": 1
        },
        "human_scores_entropy": 3.171314765302857,
        "auto_scores_entropy": 1.7518892311944603,
        "kl_divergence": 0.3150293394451375
    },
    "average": {
        "Pearson": 0.41472939630812594,
        "Spearman": 0.3971744115892705,
        "Kendall": 0.3354453721515053
    }
}