{
    "relevance": {
        "correlation": {
            "Pearson": 0.4344874724296416,
            "Spearman": 0.39080722808325546,
            "Kendall": 0.3309102913672563
        },
        "human_scores": {
            "1.0": 33,
            "1.3333333333333333": 43,
            "1.6666666666666667": 46,
            "2.0": 67,
            "2.3333333333333335": 67,
            "2.6666666666666665": 63,
            "3.0": 72,
            "3.3333333333333335": 40,
            "3.6666666666666665": 34,
            "4.0": 29,
            "4.333333333333333": 13,
            "4.666666666666667": 12,
            "5.0": 9
        },
        "auto_scores": {
            "1.0": 478,
            "2.0": 25,
            "3.0": 5,
            "4.0": 12,
            "5.0": 8
        },
        "human_scores_entropy": 3.487719256120766,
        "auto_scores_entropy": 0.6176139499602402,
        "kl_divergence": 1.890748751764788
    },
    "coherence": {
        "correlation": {
            "Pearson": 0.5181821556964538,
            "Spearman": 0.41166732833499314,
            "Kendall": 0.3554174690780002
        },
        "human_scores": {
            "1.0": 3,
            "1.3333333333333333": 3,
            "1.6666666666666667": 17,
            "2.0": 22,
            "2.3333333333333335": 45,
            "2.6666666666666665": 96,
            "3.0": 101,
            "3.3333333333333335": 90,
            "3.6666666666666665": 70,
            "4.0": 36,
            "4.333333333333333": 16,
            "4.666666666666667": 18,
            "5.0": 11
        },
        "auto_scores": {
            "1.0": 440,
            "2.0": 49,
            "3.0": 17,
            "4.0": 18,
            "5.0": 4
        },
        "human_scores_entropy": 3.1629176500093727,
        "auto_scores_entropy": 0.9166203037529367,
        "kl_divergence": 2.12416484144995
    },
    "empathy": {
        "correlation": {
            "Pearson": 0.41360656908420984,
            "Spearman": 0.3864395853599215,
            "Kendall": 0.31693257504549105
        },
        "human_scores": {
            "1.0": 27,
            "1.3333333333333333": 44,
            "1.6666666666666667": 70,
            "2.0": 110,
            "2.3333333333333335": 96,
            "2.6666666666666665": 78,
            "3.0": 43,
            "3.3333333333333335": 37,
            "3.6666666666666665": 11,
            "4.0": 9,
            "4.333333333333333": 1,
            "4.666666666666667": 2
        },
        "auto_scores": {
            "1.0": 232,
            "2.0": 121,
            "3.0": 116,
            "4.0": 51,
            "5.0": 8
        },
        "human_scores_entropy": 3.0582646905871393,
        "auto_scores_entropy": 1.9060351601630605,
        "kl_divergence": 0.32375222621411864
    },
    "surprise": {
        "correlation": {
            "Pearson": 0.40195022912803174,
            "Spearman": 0.3538660914309047,
            "Kendall": 0.30199701042667576
        },
        "human_scores": {
            "1.0": 30,
            "1.3333333333333333": 56,
            "1.6666666666666667": 136,
            "2.0": 105,
            "2.3333333333333335": 70,
            "2.6666666666666665": 58,
            "3.0": 27,
            "3.3333333333333335": 22,
            "3.6666666666666665": 10,
            "4.0": 10,
            "4.333333333333333": 3,
            "4.666666666666667": 1
        },
        "auto_scores": {
            "1.0": 400,
            "2.0": 39,
            "3.0": 37,
            "4.0": 50,
            "5.0": 2
        },
        "human_scores_entropy": 2.9690059834865554,
        "auto_scores_entropy": 1.2023188419673079,
        "kl_divergence": 1.152626892923091
    },
    "engagement": {
        "correlation": {
            "Pearson": 0.46955518177336736,
            "Spearman": 0.3876620179906982,
            "Kendall": 0.32896187115218184
        },
        "human_scores": {
            "1.0": 13,
            "1.3333333333333333": 25,
            "1.6666666666666667": 40,
            "2.0": 62,
            "2.3333333333333335": 95,
            "2.6666666666666665": 83,
            "3.0": 79,
            "3.3333333333333335": 51,
            "3.6666666666666665": 42,
            "4.0": 24,
            "4.333333333333333": 7,
            "4.666666666666667": 7
        },
        "auto_scores": {
            "1.0": 319,
            "2.0": 160,
            "3.0": 13,
            "4.0": 34,
            "5.0": 2
        },
        "human_scores_entropy": 3.243985513407171,
        "auto_scores_entropy": 1.3780256119506564,
        "kl_divergence": 1.1748153124379146
    },
    "complexity": {
        "correlation": {
            "Pearson": 0.48625214824605906,
            "Spearman": 0.4125695497493641,
            "Kendall": 0.34377571988398137
        },
        "human_scores": {
            "1.0": 24,
            "1.3333333333333333": 23,
            "1.6666666666666667": 66,
            "2.0": 82,
            "2.3333333333333335": 94,
            "2.6666666666666665": 85,
            "3.0": 70,
            "3.3333333333333335": 39,
            "3.6666666666666665": 17,
            "4.0": 18,
            "4.333333333333333": 8,
            "4.666666666666667": 2
        },
        "auto_scores": {
            "1.0": 294,
            "2.0": 113,
            "2.51": 1,
            "3.0": 74,
            "4.0": 40,
            "5.0": 6
        },
        "human_scores_entropy": 3.171314765302857,
        "auto_scores_entropy": 1.716230596647902,
        "kl_divergence": 0.5367578002269233
    },
    "average": {
        "Pearson": 0.4540056260596272,
        "Spearman": 0.39050196682485616,
        "Kendall": 0.32966582282559775
    }
}