{
    "relevance": {
        "correlation": {
            "Pearson": 0.5083159801944749,
            "Spearman": 0.43236126669528274,
            "Kendall": 0.36794522594458295
        },
        "human_scores": {
            "1.0": 33,
            "1.3333333333333333": 43,
            "1.6666666666666667": 46,
            "2.0": 67,
            "2.3333333333333335": 67,
            "2.6666666666666665": 63,
            "3.0": 72,
            "3.3333333333333335": 40,
            "3.6666666666666665": 34,
            "4.0": 29,
            "4.333333333333333": 13,
            "4.666666666666667": 12,
            "5.0": 9
        },
        "auto_scores": {
            "1.0": 425,
            "2.0": 71,
            "3.0": 12,
            "4.0": 16,
            "5.0": 4
        },
        "human_scores_entropy": 3.487719256120766,
        "auto_scores_entropy": 0.9715490745116001,
        "kl_divergence": 1.247817186780745
    },
    "coherence": {
        "correlation": {
            "Pearson": 0.5682886730074338,
            "Spearman": 0.4641573907068266,
            "Kendall": 0.40001902069256456
        },
        "human_scores": {
            "1.0": 3,
            "1.3333333333333333": 3,
            "1.6666666666666667": 17,
            "2.0": 22,
            "2.3333333333333335": 45,
            "2.6666666666666665": 96,
            "3.0": 101,
            "3.3333333333333335": 90,
            "3.6666666666666665": 70,
            "4.0": 36,
            "4.333333333333333": 16,
            "4.666666666666667": 18,
            "5.0": 11
        },
        "auto_scores": {
            "1.0": 395,
            "2.0": 83,
            "3.0": 24,
            "4.0": 24,
            "5.0": 2
        },
        "human_scores_entropy": 3.1629176500093727,
        "auto_scores_entropy": 1.1687095249514952,
        "kl_divergence": 1.82570359824889
    },
    "empathy": {
        "correlation": {
            "Pearson": 0.44212970761896647,
            "Spearman": 0.40027930727160704,
            "Kendall": 0.3300909416742803
        },
        "human_scores": {
            "1.0": 27,
            "1.3333333333333333": 44,
            "1.6666666666666667": 70,
            "2.0": 110,
            "2.3333333333333335": 96,
            "2.6666666666666665": 78,
            "3.0": 43,
            "3.3333333333333335": 37,
            "3.6666666666666665": 11,
            "4.0": 9,
            "4.333333333333333": 1,
            "4.666666666666667": 2
        },
        "auto_scores": {
            "1.0": 145,
            "2.0": 205,
            "3.0": 142,
            "4.0": 32,
            "5.0": 4
        },
        "human_scores_entropy": 3.0582646905871393,
        "auto_scores_entropy": 1.849991980304577,
        "kl_divergence": 0.07200686220330435
    },
    "surprise": {
        "correlation": {
            "Pearson": 0.3730901324676195,
            "Spearman": 0.31500642532956663,
            "Kendall": 0.26449161258658277
        },
        "human_scores": {
            "1.0": 30,
            "1.3333333333333333": 56,
            "1.6666666666666667": 136,
            "2.0": 105,
            "2.3333333333333335": 70,
            "2.6666666666666665": 58,
            "3.0": 27,
            "3.3333333333333335": 22,
            "3.6666666666666665": 10,
            "4.0": 10,
            "4.333333333333333": 3,
            "4.666666666666667": 1
        },
        "auto_scores": {
            "1.0": 348,
            "2.0": 59,
            "3.0": 55,
            "4.0": 64,
            "5.0": 2
        },
        "human_scores_entropy": 2.9690059834865554,
        "auto_scores_entropy": 1.4891004437683732,
        "kl_divergence": 0.8403841821711127
    },
    "engagement": {
        "correlation": {
            "Pearson": 0.47822693985932246,
            "Spearman": 0.3992962767459761,
            "Kendall": 0.3367063183619046
        },
        "human_scores": {
            "1.0": 13,
            "1.3333333333333333": 25,
            "1.6666666666666667": 40,
            "2.0": 62,
            "2.3333333333333335": 95,
            "2.6666666666666665": 83,
            "3.0": 79,
            "3.3333333333333335": 51,
            "3.6666666666666665": 42,
            "4.0": 24,
            "4.333333333333333": 7,
            "4.666666666666667": 7
        },
        "auto_scores": {
            "1.0": 251,
            "2.0": 216,
            "3.0": 26,
            "4.0": 34,
            "5.0": 1
        },
        "human_scores_entropy": 3.243985513407171,
        "auto_scores_entropy": 1.5233746084055502,
        "kl_divergence": 0.8096659304507005
    },
    "complexity": {
        "correlation": {
            "Pearson": 0.5251097628366115,
            "Spearman": 0.45550101719727387,
            "Kendall": 0.38508926292203327
        },
        "human_scores": {
            "1.0": 24,
            "1.3333333333333333": 23,
            "1.6666666666666667": 66,
            "2.0": 82,
            "2.3333333333333335": 94,
            "2.6666666666666665": 85,
            "3.0": 70,
            "3.3333333333333335": 39,
            "3.6666666666666665": 17,
            "4.0": 18,
            "4.333333333333333": 8,
            "4.666666666666667": 2
        },
        "auto_scores": {
            "1.0": 82,
            "2.0": 335,
            "3.0": 74,
            "4.0": 36,
            "5.0": 1
        },
        "human_scores_entropy": 3.171314765302857,
        "auto_scores_entropy": 1.512345058605104,
        "kl_divergence": 0.17262673001176507
    },
    "average": {
        "Pearson": 0.48252686599740474,
        "Spearman": 0.4111002806577555,
        "Kendall": 0.34739039703032476
    }
}