{
    "relevance": {
        "correlation": {
            "Pearson": 0.48397650103758505,
            "Spearman": 0.3877704951036329,
            "Kendall": 0.3305969727489586
        },
        "human_scores": {
            "1.0": 33,
            "1.3333333333333333": 43,
            "1.6666666666666667": 46,
            "2.0": 67,
            "2.3333333333333335": 67,
            "2.6666666666666665": 63,
            "3.0": 72,
            "3.3333333333333335": 40,
            "3.6666666666666665": 34,
            "4.0": 29,
            "4.333333333333333": 13,
            "4.666666666666667": 12,
            "5.0": 9
        },
        "auto_scores": {
            "1.0": 429,
            "2.0": 69,
            "3.0": 12,
            "4.0": 16,
            "5.0": 2
        },
        "human_scores_entropy": 3.487719256120766,
        "auto_scores_entropy": 0.9344671234992629,
        "kl_divergence": 1.2837780747190317
    },
    "coherence": {
        "correlation": {
            "Pearson": 0.5461256302388573,
            "Spearman": 0.43456338022416113,
            "Kendall": 0.3749956095490701
        },
        "human_scores": {
            "1.0": 3,
            "1.3333333333333333": 3,
            "1.6666666666666667": 17,
            "2.0": 22,
            "2.3333333333333335": 45,
            "2.6666666666666665": 96,
            "3.0": 101,
            "3.3333333333333335": 90,
            "3.6666666666666665": 70,
            "4.0": 36,
            "4.333333333333333": 16,
            "4.666666666666667": 18,
            "5.0": 11
        },
        "auto_scores": {
            "1.0": 379,
            "2.0": 106,
            "3.0": 21,
            "4.0": 21,
            "5.0": 1
        },
        "human_scores_entropy": 3.1629176500093727,
        "auto_scores_entropy": 1.1955846867689632,
        "kl_divergence": 1.9287669170520736
    },
    "empathy": {
        "correlation": {
            "Pearson": 0.42177907349893196,
            "Spearman": 0.3721530486377225,
            "Kendall": 0.3103873740550599
        },
        "human_scores": {
            "1.0": 27,
            "1.3333333333333333": 44,
            "1.6666666666666667": 70,
            "2.0": 110,
            "2.3333333333333335": 96,
            "2.6666666666666665": 78,
            "3.0": 43,
            "3.3333333333333335": 37,
            "3.6666666666666665": 11,
            "4.0": 9,
            "4.333333333333333": 1,
            "4.666666666666667": 2
        },
        "auto_scores": {
            "1.0": 160,
            "2.0": 248,
            "3.0": 94,
            "4.0": 23,
            "5.0": 3
        },
        "human_scores_entropy": 3.0582646905871393,
        "auto_scores_entropy": 1.7165961180192568,
        "kl_divergence": 0.09690404819279079
    },
    "surprise": {
        "correlation": {
            "Pearson": 0.40474922945295577,
            "Spearman": 0.30470796599596756,
            "Kendall": 0.2578771086399866
        },
        "human_scores": {
            "1.0": 30,
            "1.3333333333333333": 56,
            "1.6666666666666667": 136,
            "2.0": 105,
            "2.3333333333333335": 70,
            "2.6666666666666665": 58,
            "3.0": 27,
            "3.3333333333333335": 22,
            "3.6666666666666665": 10,
            "4.0": 10,
            "4.333333333333333": 3,
            "4.666666666666667": 1
        },
        "auto_scores": {
            "1.0": 379,
            "2.0": 68,
            "3.0": 45,
            "4.0": 36
        },
        "human_scores_entropy": 2.9690059834865554,
        "auto_scores_entropy": 1.2911125984140872,
        "kl_divergence": 0.8099047035654645
    },
    "engagement": {
        "correlation": {
            "Pearson": 0.4935677715016108,
            "Spearman": 0.4217849198898367,
            "Kendall": 0.3604571330908789
        },
        "human_scores": {
            "1.0": 13,
            "1.3333333333333333": 25,
            "1.6666666666666667": 40,
            "2.0": 62,
            "2.3333333333333335": 95,
            "2.6666666666666665": 83,
            "3.0": 79,
            "3.3333333333333335": 51,
            "3.6666666666666665": 42,
            "4.0": 24,
            "4.333333333333333": 7,
            "4.666666666666667": 7
        },
        "auto_scores": {
            "1.0": 265,
            "2.0": 217,
            "3.0": 20,
            "4.0": 26
        },
        "human_scores_entropy": 3.243985513407171,
        "auto_scores_entropy": 1.419173517816282,
        "kl_divergence": 0.9211678893057029
    },
    "complexity": {
        "correlation": {
            "Pearson": 0.5032751473171787,
            "Spearman": 0.40153170655718473,
            "Kendall": 0.34008409266750983
        },
        "human_scores": {
            "1.0": 24,
            "1.3333333333333333": 23,
            "1.6666666666666667": 66,
            "2.0": 82,
            "2.3333333333333335": 94,
            "2.6666666666666665": 85,
            "3.0": 70,
            "3.3333333333333335": 39,
            "3.6666666666666665": 17,
            "4.0": 18,
            "4.333333333333333": 8,
            "4.666666666666667": 2
        },
        "auto_scores": {
            "1.0": 183,
            "2.0": 275,
            "3.0": 43,
            "4.0": 26,
            "5.0": 1
        },
        "human_scores_entropy": 3.171314765302857,
        "auto_scores_entropy": 1.5456857200343164,
        "kl_divergence": 0.4175886757692948
    },
    "average": {
        "Pearson": 0.47557889217451993,
        "Spearman": 0.38708525273475086,
        "Kendall": 0.3290663817919106
    }
}