{
    "relevance": {
        "correlation": {
            "Pearson": 0.20397651940890185,
            "Spearman": 0.20978640387089476,
            "Kendall": 0.17192615298160321
        },
        "human_scores": {
            "1.0": 33,
            "1.3333333333333333": 43,
            "1.6666666666666667": 46,
            "2.0": 67,
            "2.3333333333333335": 67,
            "2.6666666666666665": 63,
            "3.0": 72,
            "3.3333333333333335": 40,
            "3.6666666666666665": 34,
            "4.0": 29,
            "4.333333333333333": 13,
            "4.666666666666667": 12,
            "5.0": 9
        },
        "auto_scores": {
            "1.0": 371,
            "2.0": 35,
            "3.0": 24,
            "4.0": 50,
            "5.0": 48
        },
        "human_scores_entropy": 3.487719256120766,
        "auto_scores_entropy": 1.4564733241689622,
        "kl_divergence": 1.0159352646473716
    },
    "coherence": {
        "correlation": {
            "Pearson": 0.25703507658831654,
            "Spearman": 0.2154884796255892,
            "Kendall": 0.1813520866299315
        },
        "human_scores": {
            "1.0": 3,
            "1.3333333333333333": 3,
            "1.6666666666666667": 17,
            "2.0": 22,
            "2.3333333333333335": 45,
            "2.6666666666666665": 96,
            "3.0": 101,
            "3.3333333333333335": 90,
            "3.6666666666666665": 70,
            "4.0": 36,
            "4.333333333333333": 16,
            "4.666666666666667": 18,
            "5.0": 11
        },
        "auto_scores": {
            "1.0": 386,
            "2.0": 33,
            "3.0": 43,
            "4.0": 14,
            "5.0": 52
        },
        "human_scores_entropy": 3.1629176500093727,
        "auto_scores_entropy": 1.3432413901375415,
        "kl_divergence": 1.6013173404021483
    },
    "empathy": {
        "correlation": {
            "Pearson": 0.12677775986972611,
            "Spearman": 0.09620756169237848,
            "Kendall": 0.07629720205370483
        },
        "human_scores": {
            "1.0": 27,
            "1.3333333333333333": 44,
            "1.6666666666666667": 70,
            "2.0": 110,
            "2.3333333333333335": 96,
            "2.6666666666666665": 78,
            "3.0": 43,
            "3.3333333333333335": 37,
            "3.6666666666666665": 11,
            "4.0": 9,
            "4.333333333333333": 1,
            "4.666666666666667": 2
        },
        "auto_scores": {
            "1.0": 71,
            "2.0": 42,
            "3.0": 106,
            "4.0": 174,
            "5.0": 135
        },
        "human_scores_entropy": 3.0582646905871393,
        "auto_scores_entropy": 2.1756228706751575,
        "kl_divergence": 1.0035435934719843
    },
    "surprise": {
        "correlation": {
            "Pearson": 0.009940386729881005,
            "Spearman": -0.0009404191765744909,
            "Kendall": -0.0007275190714232703
        },
        "human_scores": {
            "1.0": 30,
            "1.3333333333333333": 56,
            "1.6666666666666667": 136,
            "2.0": 105,
            "2.3333333333333335": 70,
            "2.6666666666666665": 58,
            "3.0": 27,
            "3.3333333333333335": 22,
            "3.6666666666666665": 10,
            "4.0": 10,
            "4.333333333333333": 3,
            "4.666666666666667": 1
        },
        "auto_scores": {
            "1.0": 172,
            "2.0": 29,
            "2.51": 1,
            "3.0": 56,
            "4.0": 254,
            "5.0": 15,
            "13.0": 1
        },
        "human_scores_entropy": 2.9690059834865554,
        "auto_scores_entropy": 1.7884469002733319,
        "kl_divergence": 1.3024086425885644
    },
    "engagement": {
        "correlation": {
            "Pearson": 0.18475437761068203,
            "Spearman": 0.17530791626037362,
            "Kendall": 0.14027664043071278
        },
        "human_scores": {
            "1.0": 13,
            "1.3333333333333333": 25,
            "1.6666666666666667": 40,
            "2.0": 62,
            "2.3333333333333335": 95,
            "2.6666666666666665": 83,
            "3.0": 79,
            "3.3333333333333335": 51,
            "3.6666666666666665": 42,
            "4.0": 24,
            "4.333333333333333": 7,
            "4.666666666666667": 7
        },
        "auto_scores": {
            "1.0": 105,
            "2.0": 60,
            "3.0": 113,
            "4.0": 201,
            "5.0": 49
        },
        "human_scores_entropy": 3.243985513407171,
        "auto_scores_entropy": 2.144637281985385,
        "kl_divergence": 0.46031358399575467
    },
    "complexity": {
        "correlation": {
            "Pearson": 0.023655129839353552,
            "Spearman": -0.002173461667816607,
            "Kendall": -0.001119317893640385
        },
        "human_scores": {
            "1.0": 24,
            "1.3333333333333333": 23,
            "1.6666666666666667": 66,
            "2.0": 82,
            "2.3333333333333335": 94,
            "2.6666666666666665": 85,
            "3.0": 70,
            "3.3333333333333335": 39,
            "3.6666666666666665": 17,
            "4.0": 18,
            "4.333333333333333": 8,
            "4.666666666666667": 2
        },
        "auto_scores": {
            "1.0": 36,
            "2.0": 14,
            "3.0": 74,
            "4.0": 228,
            "5.0": 176
        },
        "human_scores_entropy": 3.171314765302857,
        "auto_scores_entropy": 1.8518208122997462,
        "kl_divergence": 1.5312377409345903
    },
    "average": {
        "Pearson": 0.13435654167447683,
        "Spearman": 0.11561274676747417,
        "Kendall": 0.09466754085514811
    }
}