{
    "relevance": {
        "correlation": {
            "Pearson": 0.47114508352528656,
            "Spearman": 0.41714365580487656,
            "Kendall": 0.3540914416536961
        },
        "human_scores": {
            "1.0": 33,
            "1.3333333333333333": 43,
            "1.6666666666666667": 46,
            "2.0": 67,
            "2.3333333333333335": 67,
            "2.6666666666666665": 63,
            "3.0": 72,
            "3.3333333333333335": 40,
            "3.6666666666666665": 34,
            "4.0": 29,
            "4.333333333333333": 13,
            "4.666666666666667": 12,
            "5.0": 9
        },
        "auto_scores": {
            "1.0": 468,
            "2.0": 31,
            "3.0": 9,
            "4.0": 14,
            "5.0": 6
        },
        "human_scores_entropy": 3.487719256120766,
        "auto_scores_entropy": 0.7067940373259901,
        "kl_divergence": 1.6148964456005914
    },
    "coherence": {
        "correlation": {
            "Pearson": 0.5668824193608646,
            "Spearman": 0.4686058894373823,
            "Kendall": 0.4049199244032605
        },
        "human_scores": {
            "1.0": 3,
            "1.3333333333333333": 3,
            "1.6666666666666667": 17,
            "2.0": 22,
            "2.3333333333333335": 45,
            "2.6666666666666665": 96,
            "3.0": 101,
            "3.3333333333333335": 90,
            "3.6666666666666665": 70,
            "4.0": 36,
            "4.333333333333333": 16,
            "4.666666666666667": 18,
            "5.0": 11
        },
        "auto_scores": {
            "1.0": 384,
            "2.0": 94,
            "3.0": 21,
            "4.0": 29
        },
        "human_scores_entropy": 3.1629176500093727,
        "auto_scores_entropy": 1.1923542196014922,
        "kl_divergence": 1.6882054609611674
    },
    "empathy": {
        "correlation": {
            "Pearson": 0.45944915972656036,
            "Spearman": 0.43680405674465217,
            "Kendall": 0.35890878948331667
        },
        "human_scores": {
            "1.0": 27,
            "1.3333333333333333": 44,
            "1.6666666666666667": 70,
            "2.0": 110,
            "2.3333333333333335": 96,
            "2.6666666666666665": 78,
            "3.0": 43,
            "3.3333333333333335": 37,
            "3.6666666666666665": 11,
            "4.0": 9,
            "4.333333333333333": 1,
            "4.666666666666667": 2
        },
        "auto_scores": {
            "1.0": 233,
            "2.0": 132,
            "3.0": 121,
            "4.0": 32,
            "5.0": 10
        },
        "human_scores_entropy": 3.0582646905871393,
        "auto_scores_entropy": 1.86140713428485,
        "kl_divergence": 0.2827549238510773
    },
    "surprise": {
        "correlation": {
            "Pearson": 0.40491349438755064,
            "Spearman": 0.38616893608858793,
            "Kendall": 0.3282082173016323
        },
        "human_scores": {
            "1.0": 30,
            "1.3333333333333333": 56,
            "1.6666666666666667": 136,
            "2.0": 105,
            "2.3333333333333335": 70,
            "2.6666666666666665": 58,
            "3.0": 27,
            "3.3333333333333335": 22,
            "3.6666666666666665": 10,
            "4.0": 10,
            "4.333333333333333": 3,
            "4.666666666666667": 1
        },
        "auto_scores": {
            "1.0": 409,
            "2.0": 16,
            "3.0": 45,
            "4.0": 51,
            "5.0": 7
        },
        "human_scores_entropy": 2.9690059834865554,
        "auto_scores_entropy": 1.1494225422695137,
        "kl_divergence": 1.6308960857498978
    },
    "engagement": {
        "correlation": {
            "Pearson": 0.4855006870688457,
            "Spearman": 0.4237838614580323,
            "Kendall": 0.3606869725428118
        },
        "human_scores": {
            "1.0": 13,
            "1.3333333333333333": 25,
            "1.6666666666666667": 40,
            "2.0": 62,
            "2.3333333333333335": 95,
            "2.6666666666666665": 83,
            "3.0": 79,
            "3.3333333333333335": 51,
            "3.6666666666666665": 42,
            "4.0": 24,
            "4.333333333333333": 7,
            "4.666666666666667": 7
        },
        "auto_scores": {
            "1.0": 313,
            "2.0": 164,
            "3.0": 16,
            "4.0": 34,
            "5.0": 1
        },
        "human_scores_entropy": 3.243985513407171,
        "auto_scores_entropy": 1.3959316866884028,
        "kl_divergence": 1.092394747193878
    },
    "complexity": {
        "correlation": {
            "Pearson": 0.479153658417691,
            "Spearman": 0.4314678837623227,
            "Kendall": 0.36143400743324317
        },
        "human_scores": {
            "1.0": 24,
            "1.3333333333333333": 23,
            "1.6666666666666667": 66,
            "2.0": 82,
            "2.3333333333333335": 94,
            "2.6666666666666665": 85,
            "3.0": 70,
            "3.3333333333333335": 39,
            "3.6666666666666665": 17,
            "4.0": 18,
            "4.333333333333333": 8,
            "4.666666666666667": 2
        },
        "auto_scores": {
            "1.0": 312,
            "2.0": 124,
            "3.0": 65,
            "4.0": 17,
            "5.0": 10
        },
        "human_scores_entropy": 3.171314765302857,
        "auto_scores_entropy": 1.5793829605138077,
        "kl_divergence": 0.6092206177289696
    },
    "average": {
        "Pearson": 0.47784075041446644,
        "Spearman": 0.4273290472159757,
        "Kendall": 0.36137489213632684
    }
}