{
    "relevance": {
        "correlation": {
            "Pearson": 0.4779172881380848,
            "Spearman": 0.41868461521881317,
            "Kendall": 0.3533754423495699
        },
        "human_scores": {
            "1.0": 33,
            "1.3333333333333333": 43,
            "1.6666666666666667": 46,
            "2.0": 67,
            "2.3333333333333335": 67,
            "2.6666666666666665": 63,
            "3.0": 72,
            "3.3333333333333335": 40,
            "3.6666666666666665": 34,
            "4.0": 29,
            "4.333333333333333": 13,
            "4.666666666666667": 12,
            "5.0": 9
        },
        "auto_scores": {
            "1.0": 462,
            "2.0": 33,
            "3.0": 15,
            "4.0": 8,
            "5.0": 10
        },
        "human_scores_entropy": 3.487719256120766,
        "auto_scores_entropy": 0.7644780152750273,
        "kl_divergence": 1.486366089797271
    },
    "coherence": {
        "correlation": {
            "Pearson": 0.5025373366217285,
            "Spearman": 0.39056844726532713,
            "Kendall": 0.334155188562041
        },
        "human_scores": {
            "1.0": 3,
            "1.3333333333333333": 3,
            "1.6666666666666667": 17,
            "2.0": 22,
            "2.3333333333333335": 45,
            "2.6666666666666665": 96,
            "3.0": 101,
            "3.3333333333333335": 90,
            "3.6666666666666665": 70,
            "4.0": 36,
            "4.333333333333333": 16,
            "4.666666666666667": 18,
            "5.0": 11
        },
        "auto_scores": {
            "1.0": 393,
            "2.0": 82,
            "3.0": 24,
            "4.0": 25,
            "5.0": 4
        },
        "human_scores_entropy": 3.1629176500093727,
        "auto_scores_entropy": 1.1987875444948342,
        "kl_divergence": 1.7801867414973722
    },
    "empathy": {
        "correlation": {
            "Pearson": 0.44527071939066387,
            "Spearman": 0.41254854689989784,
            "Kendall": 0.33592421133112355
        },
        "human_scores": {
            "1.0": 27,
            "1.3333333333333333": 44,
            "1.6666666666666667": 70,
            "2.0": 110,
            "2.3333333333333335": 96,
            "2.6666666666666665": 78,
            "3.0": 43,
            "3.3333333333333335": 37,
            "3.6666666666666665": 11,
            "4.0": 9,
            "4.333333333333333": 1,
            "4.666666666666667": 2
        },
        "auto_scores": {
            "1.0": 210,
            "2.0": 135,
            "3.0": 121,
            "4.0": 48,
            "5.0": 14
        },
        "human_scores_entropy": 3.0582646905871393,
        "auto_scores_entropy": 1.9725659281361128,
        "kl_divergence": 0.2675823396911197
    },
    "surprise": {
        "correlation": {
            "Pearson": 0.3187877442342321,
            "Spearman": 0.28296985491339444,
            "Kendall": 0.2385850947226841
        },
        "human_scores": {
            "1.0": 30,
            "1.3333333333333333": 56,
            "1.6666666666666667": 136,
            "2.0": 105,
            "2.3333333333333335": 70,
            "2.6666666666666665": 58,
            "3.0": 27,
            "3.3333333333333335": 22,
            "3.6666666666666665": 10,
            "4.0": 10,
            "4.333333333333333": 3,
            "4.666666666666667": 1
        },
        "auto_scores": {
            "1.0": 346,
            "2.0": 34,
            "2.51": 1,
            "3.0": 54,
            "4.0": 86,
            "5.0": 7
        },
        "human_scores_entropy": 2.9690059834865554,
        "auto_scores_entropy": 1.51706593405461,
        "kl_divergence": 1.1507312667158844
    },
    "engagement": {
        "correlation": {
            "Pearson": 0.4571781264726028,
            "Spearman": 0.3880493675111269,
            "Kendall": 0.32762463732216063
        },
        "human_scores": {
            "1.0": 13,
            "1.3333333333333333": 25,
            "1.6666666666666667": 40,
            "2.0": 62,
            "2.3333333333333335": 95,
            "2.6666666666666665": 83,
            "3.0": 79,
            "3.3333333333333335": 51,
            "3.6666666666666665": 42,
            "4.0": 24,
            "4.333333333333333": 7,
            "4.666666666666667": 7
        },
        "auto_scores": {
            "1.0": 288,
            "2.0": 181,
            "3.0": 20,
            "4.0": 35,
            "5.0": 4
        },
        "human_scores_entropy": 3.243985513407171,
        "auto_scores_entropy": 1.4982312908200688,
        "kl_divergence": 0.9491812376632831
    },
    "complexity": {
        "correlation": {
            "Pearson": 0.4876825071313627,
            "Spearman": 0.42140463095551284,
            "Kendall": 0.3506313133959868
        },
        "human_scores": {
            "1.0": 24,
            "1.3333333333333333": 23,
            "1.6666666666666667": 66,
            "2.0": 82,
            "2.3333333333333335": 94,
            "2.6666666666666665": 85,
            "3.0": 70,
            "3.3333333333333335": 39,
            "3.6666666666666665": 17,
            "4.0": 18,
            "4.333333333333333": 8,
            "4.666666666666667": 2
        },
        "auto_scores": {
            "1.0": 273,
            "2.0": 123,
            "2.51": 1,
            "3.0": 82,
            "4.0": 37,
            "5.0": 12
        },
        "human_scores_entropy": 3.171314765302857,
        "auto_scores_entropy": 1.8089006107534267,
        "kl_divergence": 0.4709736730584921
    },
    "average": {
        "Pearson": 0.44822895366477916,
        "Spearman": 0.38570424379401197,
        "Kendall": 0.323382647947261
    }
}