{
    "relevance": {
        "correlation": {
            "Pearson": 0.51320996185806,
            "Spearman": 0.42893577658318005,
            "Kendall": 0.3660937897821256
        },
        "human_scores": {
            "1.0": 33,
            "1.3333333333333333": 43,
            "1.6666666666666667": 46,
            "2.0": 67,
            "2.3333333333333335": 67,
            "2.6666666666666665": 63,
            "3.0": 72,
            "3.3333333333333335": 40,
            "3.6666666666666665": 34,
            "4.0": 29,
            "4.333333333333333": 13,
            "4.666666666666667": 12,
            "5.0": 9
        },
        "auto_scores": {
            "1.0": 432,
            "2.0": 57,
            "3.0": 11,
            "4.0": 10,
            "5.0": 18
        },
        "human_scores_entropy": 3.487719256120766,
        "auto_scores_entropy": 0.9744740236731234,
        "kl_divergence": 1.3570088974862005
    },
    "coherence": {
        "correlation": {
            "Pearson": 0.5286681560070412,
            "Spearman": 0.4295346879745651,
            "Kendall": 0.3689721076554511
        },
        "human_scores": {
            "1.0": 3,
            "1.3333333333333333": 3,
            "1.6666666666666667": 17,
            "2.0": 22,
            "2.3333333333333335": 45,
            "2.6666666666666665": 96,
            "3.0": 101,
            "3.3333333333333335": 90,
            "3.6666666666666665": 70,
            "4.0": 36,
            "4.333333333333333": 16,
            "4.666666666666667": 18,
            "5.0": 11
        },
        "auto_scores": {
            "1.0": 412,
            "2.0": 50,
            "3.0": 35,
            "4.0": 18,
            "5.0": 13
        },
        "human_scores_entropy": 3.1629176500093727,
        "auto_scores_entropy": 1.1585602204132037,
        "kl_divergence": 1.6644372317027334
    },
    "empathy": {
        "correlation": {
            "Pearson": 0.4154495696401144,
            "Spearman": 0.36160516220693306,
            "Kendall": 0.2999019373672097
        },
        "human_scores": {
            "1.0": 27,
            "1.3333333333333333": 44,
            "1.6666666666666667": 70,
            "2.0": 110,
            "2.3333333333333335": 96,
            "2.6666666666666665": 78,
            "3.0": 43,
            "3.3333333333333335": 37,
            "3.6666666666666665": 11,
            "4.0": 9,
            "4.333333333333333": 1,
            "4.666666666666667": 2
        },
        "auto_scores": {
            "1.0": 297,
            "2.0": 100,
            "3.0": 89,
            "4.0": 41,
            "5.0": 1
        },
        "human_scores_entropy": 3.0582646905871393,
        "auto_scores_entropy": 1.6579579348875237,
        "kl_divergence": 0.48602401131300343
    },
    "surprise": {
        "correlation": {
            "Pearson": 0.4379432121047662,
            "Spearman": 0.3663133149168821,
            "Kendall": 0.31240018837813244
        },
        "human_scores": {
            "1.0": 30,
            "1.3333333333333333": 56,
            "1.6666666666666667": 136,
            "2.0": 105,
            "2.3333333333333335": 70,
            "2.6666666666666665": 58,
            "3.0": 27,
            "3.3333333333333335": 22,
            "3.6666666666666665": 10,
            "4.0": 10,
            "4.333333333333333": 3,
            "4.666666666666667": 1
        },
        "auto_scores": {
            "1.0": 449,
            "2.0": 9,
            "2.51": 2,
            "3.0": 28,
            "4.0": 39,
            "5.0": 1
        },
        "human_scores_entropy": 2.9690059834865554,
        "auto_scores_entropy": 0.8489156849550513,
        "kl_divergence": 2.0521357307255816
    },
    "engagement": {
        "correlation": {
            "Pearson": 0.4765943241390913,
            "Spearman": 0.4115592869497097,
            "Kendall": 0.3453882348658065
        },
        "human_scores": {
            "1.0": 13,
            "1.3333333333333333": 25,
            "1.6666666666666667": 40,
            "2.0": 62,
            "2.3333333333333335": 95,
            "2.6666666666666665": 83,
            "3.0": 79,
            "3.3333333333333335": 51,
            "3.6666666666666665": 42,
            "4.0": 24,
            "4.333333333333333": 7,
            "4.666666666666667": 7
        },
        "auto_scores": {
            "1.0": 262,
            "2.0": 192,
            "3.0": 28,
            "4.0": 32,
            "5.0": 14
        },
        "human_scores_entropy": 3.243985513407171,
        "auto_scores_entropy": 1.6410256851393374,
        "kl_divergence": 0.7940230830737001
    },
    "complexity": {
        "correlation": {
            "Pearson": 0.5405256436460308,
            "Spearman": 0.49800307395304233,
            "Kendall": 0.41268419681705865
        },
        "human_scores": {
            "1.0": 24,
            "1.3333333333333333": 23,
            "1.6666666666666667": 66,
            "2.0": 82,
            "2.3333333333333335": 94,
            "2.6666666666666665": 85,
            "3.0": 70,
            "3.3333333333333335": 39,
            "3.6666666666666665": 17,
            "4.0": 18,
            "4.333333333333333": 8,
            "4.666666666666667": 2
        },
        "auto_scores": {
            "1.0": 243,
            "2.0": 118,
            "3.0": 105,
            "4.0": 59,
            "5.0": 3
        },
        "human_scores_entropy": 3.171314765302857,
        "auto_scores_entropy": 1.8574472917630804,
        "kl_divergence": 0.3812178781268584
    },
    "average": {
        "Pearson": 0.485398477899184,
        "Spearman": 0.41599188376405216,
        "Kendall": 0.35090674247763065
    }
}