{
    "relevance": {
        "correlation": {
            "Pearson": 0.4981802882456687,
            "Spearman": 0.4499010879407977,
            "Kendall": 0.38199397052538187
        },
        "human_scores": {
            "1.0": 33,
            "1.3333333333333333": 43,
            "1.6666666666666667": 46,
            "2.0": 67,
            "2.3333333333333335": 67,
            "2.6666666666666665": 63,
            "3.0": 72,
            "3.3333333333333335": 40,
            "3.6666666666666665": 34,
            "4.0": 29,
            "4.333333333333333": 13,
            "4.666666666666667": 12,
            "5.0": 9
        },
        "auto_scores": {
            "1.0": 453,
            "2.0": 38,
            "3.0": 13,
            "4.0": 7,
            "5.0": 17
        },
        "human_scores_entropy": 3.487719256120766,
        "auto_scores_entropy": 0.8367223876476696,
        "kl_divergence": 1.486647950977185
    },
    "coherence": {
        "correlation": {
            "Pearson": 0.5353410944955167,
            "Spearman": 0.43156741263677373,
            "Kendall": 0.3706510630682686
        },
        "human_scores": {
            "1.0": 3,
            "1.3333333333333333": 3,
            "1.6666666666666667": 17,
            "2.0": 22,
            "2.3333333333333335": 45,
            "2.6666666666666665": 96,
            "3.0": 101,
            "3.3333333333333335": 90,
            "3.6666666666666665": 70,
            "4.0": 36,
            "4.333333333333333": 16,
            "4.666666666666667": 18,
            "5.0": 11
        },
        "auto_scores": {
            "1.0": 360,
            "2.0": 107,
            "3.0": 32,
            "4.0": 19,
            "5.0": 10
        },
        "human_scores_entropy": 3.1629176500093727,
        "auto_scores_entropy": 1.3695191460101441,
        "kl_divergence": 1.595560107625241
    },
    "empathy": {
        "correlation": {
            "Pearson": 0.40957806955663073,
            "Spearman": 0.36612612597174427,
            "Kendall": 0.3036970677500507
        },
        "human_scores": {
            "1.0": 27,
            "1.3333333333333333": 44,
            "1.6666666666666667": 70,
            "2.0": 110,
            "2.3333333333333335": 96,
            "2.6666666666666665": 78,
            "3.0": 43,
            "3.3333333333333335": 37,
            "3.6666666666666665": 11,
            "4.0": 9,
            "4.333333333333333": 1,
            "4.666666666666667": 2
        },
        "auto_scores": {
            "1.0": 300,
            "2.0": 102,
            "3.0": 71,
            "4.0": 46,
            "5.0": 9
        },
        "human_scores_entropy": 3.0582646905871393,
        "auto_scores_entropy": 1.7177308380965355,
        "kl_divergence": 0.5290374995434072
    },
    "surprise": {
        "correlation": {
            "Pearson": 0.4477555291911861,
            "Spearman": 0.3910324781297541,
            "Kendall": 0.33632995767597884
        },
        "human_scores": {
            "1.0": 30,
            "1.3333333333333333": 56,
            "1.6666666666666667": 136,
            "2.0": 105,
            "2.3333333333333335": 70,
            "2.6666666666666665": 58,
            "3.0": 27,
            "3.3333333333333335": 22,
            "3.6666666666666665": 10,
            "4.0": 10,
            "4.333333333333333": 3,
            "4.666666666666667": 1
        },
        "auto_scores": {
            "1.0": 440,
            "2.0": 26,
            "3.0": 25,
            "4.0": 37
        },
        "human_scores_entropy": 2.9690059834865554,
        "auto_scores_entropy": 0.9101973657691392,
        "kl_divergence": 1.4698050006221288
    },
    "engagement": {
        "correlation": {
            "Pearson": 0.4893426959366577,
            "Spearman": 0.42627435138545794,
            "Kendall": 0.3646600683107406
        },
        "human_scores": {
            "1.0": 13,
            "1.3333333333333333": 25,
            "1.6666666666666667": 40,
            "2.0": 62,
            "2.3333333333333335": 95,
            "2.6666666666666665": 83,
            "3.0": 79,
            "3.3333333333333335": 51,
            "3.6666666666666665": 42,
            "4.0": 24,
            "4.333333333333333": 7,
            "4.666666666666667": 7
        },
        "auto_scores": {
            "1.0": 239,
            "2.0": 239,
            "3.0": 10,
            "4.0": 35,
            "5.0": 5
        },
        "human_scores_entropy": 3.243985513407171,
        "auto_scores_entropy": 1.4668029049054572,
        "kl_divergence": 1.1355559030055131
    },
    "complexity": {
        "correlation": {
            "Pearson": 0.5282777263939998,
            "Spearman": 0.482953948473258,
            "Kendall": 0.399180766170494
        },
        "human_scores": {
            "1.0": 24,
            "1.3333333333333333": 23,
            "1.6666666666666667": 66,
            "2.0": 82,
            "2.3333333333333335": 94,
            "2.6666666666666665": 85,
            "3.0": 70,
            "3.3333333333333335": 39,
            "3.6666666666666665": 17,
            "4.0": 18,
            "4.333333333333333": 8,
            "4.666666666666667": 2
        },
        "auto_scores": {
            "1.0": 237,
            "2.0": 123,
            "3.0": 95,
            "4.0": 69,
            "5.0": 4
        },
        "human_scores_entropy": 3.171314765302857,
        "auto_scores_entropy": 1.8906329366790073,
        "kl_divergence": 0.3873551575390465
    },
    "average": {
        "Pearson": 0.48474590063660994,
        "Spearman": 0.4246425674229643,
        "Kendall": 0.3594188155834858
    }
}