{
    "relevance": {
        "correlation": {
            "Pearson": 0.5111648629124073,
            "Spearman": 0.45160185499810984,
            "Kendall": 0.38362905418557525
        },
        "human_scores": {
            "1.0": 33,
            "1.3333333333333333": 43,
            "1.6666666666666667": 46,
            "2.0": 67,
            "2.3333333333333335": 67,
            "2.6666666666666665": 63,
            "3.0": 72,
            "3.3333333333333335": 40,
            "3.6666666666666665": 34,
            "4.0": 29,
            "4.333333333333333": 13,
            "4.666666666666667": 12,
            "5.0": 9
        },
        "auto_scores": {
            "1.0": 460,
            "2.0": 34,
            "3.0": 8,
            "4.0": 13,
            "5.0": 13
        },
        "human_scores_entropy": 3.487719256120766,
        "auto_scores_entropy": 0.7828210271073313,
        "kl_divergence": 1.604840440176513
    },
    "coherence": {
        "correlation": {
            "Pearson": 0.5068427899105101,
            "Spearman": 0.3822364063447788,
            "Kendall": 0.32795346219452404
        },
        "human_scores": {
            "1.0": 3,
            "1.3333333333333333": 3,
            "1.6666666666666667": 17,
            "2.0": 22,
            "2.3333333333333335": 45,
            "2.6666666666666665": 96,
            "3.0": 101,
            "3.3333333333333335": 90,
            "3.6666666666666665": 70,
            "4.0": 36,
            "4.333333333333333": 16,
            "4.666666666666667": 18,
            "5.0": 11
        },
        "auto_scores": {
            "1.0": 429,
            "2.0": 36,
            "3.0": 33,
            "4.0": 18,
            "5.0": 12
        },
        "human_scores_entropy": 3.1629176500093727,
        "auto_scores_entropy": 1.0478141528571792,
        "kl_divergence": 1.7526194329097307
    },
    "empathy": {
        "correlation": {
            "Pearson": 0.40546173536432967,
            "Spearman": 0.3581182251727028,
            "Kendall": 0.294676869085936
        },
        "human_scores": {
            "1.0": 27,
            "1.3333333333333333": 44,
            "1.6666666666666667": 70,
            "2.0": 110,
            "2.3333333333333335": 96,
            "2.6666666666666665": 78,
            "3.0": 43,
            "3.3333333333333335": 37,
            "3.6666666666666665": 11,
            "4.0": 9,
            "4.333333333333333": 1,
            "4.666666666666667": 2
        },
        "auto_scores": {
            "1.0": 253,
            "2.0": 125,
            "3.0": 80,
            "4.0": 66,
            "5.0": 4
        },
        "human_scores_entropy": 3.0582646905871393,
        "auto_scores_entropy": 1.8415443666140061,
        "kl_divergence": 0.39865795303235274
    },
    "surprise": {
        "correlation": {
            "Pearson": 0.44317431303119387,
            "Spearman": 0.3657899067170091,
            "Kendall": 0.3138441944575
        },
        "human_scores": {
            "1.0": 30,
            "1.3333333333333333": 56,
            "1.6666666666666667": 136,
            "2.0": 105,
            "2.3333333333333335": 70,
            "2.6666666666666665": 58,
            "3.0": 27,
            "3.3333333333333335": 22,
            "3.6666666666666665": 10,
            "4.0": 10,
            "4.333333333333333": 3,
            "4.666666666666667": 1
        },
        "auto_scores": {
            "1.0": 449,
            "2.0": 21,
            "3.0": 27,
            "4.0": 31
        },
        "human_scores_entropy": 2.9690059834865554,
        "auto_scores_entropy": 0.8433574184919086,
        "kl_divergence": 1.5844163230604122
    },
    "engagement": {
        "correlation": {
            "Pearson": 0.49229292771614697,
            "Spearman": 0.4318681691454599,
            "Kendall": 0.3683563185889155
        },
        "human_scores": {
            "1.0": 13,
            "1.3333333333333333": 25,
            "1.6666666666666667": 40,
            "2.0": 62,
            "2.3333333333333335": 95,
            "2.6666666666666665": 83,
            "3.0": 79,
            "3.3333333333333335": 51,
            "3.6666666666666665": 42,
            "4.0": 24,
            "4.333333333333333": 7,
            "4.666666666666667": 7
        },
        "auto_scores": {
            "1.0": 270,
            "2.0": 205,
            "3.0": 13,
            "4.0": 39,
            "5.0": 1
        },
        "human_scores_entropy": 3.243985513407171,
        "auto_scores_entropy": 1.4510796601277667,
        "kl_divergence": 1.0845688191957148
    },
    "complexity": {
        "correlation": {
            "Pearson": 0.5063399474775739,
            "Spearman": 0.4383723331849989,
            "Kendall": 0.3662066808569405
        },
        "human_scores": {
            "1.0": 24,
            "1.3333333333333333": 23,
            "1.6666666666666667": 66,
            "2.0": 82,
            "2.3333333333333335": 94,
            "2.6666666666666665": 85,
            "3.0": 70,
            "3.3333333333333335": 39,
            "3.6666666666666665": 17,
            "4.0": 18,
            "4.333333333333333": 8,
            "4.666666666666667": 2
        },
        "auto_scores": {
            "1.0": 254,
            "2.0": 136,
            "3.0": 93,
            "4.0": 44,
            "5.0": 1
        },
        "human_scores_entropy": 3.171314765302857,
        "auto_scores_entropy": 1.769057722571968,
        "kl_divergence": 0.3848496219248237
    },
    "average": {
        "Pearson": 0.47754609606869364,
        "Spearman": 0.40466448259384324,
        "Kendall": 0.3424444298948986
    }
}