{
    "relevance": {
        "correlation": {
            "Pearson": 0.5062636562835432,
            "Spearman": 0.40422349477391845,
            "Kendall": 0.34053182653154357
        },
        "human_scores": {
            "1.0": 33,
            "1.3333333333333333": 43,
            "1.6666666666666667": 46,
            "2.0": 67,
            "2.3333333333333335": 67,
            "2.6666666666666665": 63,
            "3.0": 72,
            "3.3333333333333335": 40,
            "3.6666666666666665": 34,
            "4.0": 29,
            "4.333333333333333": 13,
            "4.666666666666667": 12,
            "5.0": 9
        },
        "auto_scores": {
            "1.0": 412,
            "2.0": 70,
            "3.0": 14,
            "4.0": 19,
            "5.0": 13
        },
        "human_scores_entropy": 3.487719256120766,
        "auto_scores_entropy": 1.1087741640825022,
        "kl_divergence": 1.1344184995967923
    },
    "coherence": {
        "correlation": {
            "Pearson": 0.5335951250064014,
            "Spearman": 0.45507318450695095,
            "Kendall": 0.38842179848055014
        },
        "human_scores": {
            "1.0": 3,
            "1.3333333333333333": 3,
            "1.6666666666666667": 17,
            "2.0": 22,
            "2.3333333333333335": 45,
            "2.6666666666666665": 96,
            "3.0": 101,
            "3.3333333333333335": 90,
            "3.6666666666666665": 70,
            "4.0": 36,
            "4.333333333333333": 16,
            "4.666666666666667": 18,
            "5.0": 11
        },
        "auto_scores": {
            "1.0": 337,
            "2.0": 102,
            "3.0": 51,
            "4.0": 36,
            "5.0": 2
        },
        "human_scores_entropy": 3.1629176500093727,
        "auto_scores_entropy": 1.4920187621011647,
        "kl_divergence": 1.2913067446032667
    },
    "empathy": {
        "correlation": {
            "Pearson": 0.43586385339196315,
            "Spearman": 0.4221932406505809,
            "Kendall": 0.34413344651664346
        },
        "human_scores": {
            "1.0": 27,
            "1.3333333333333333": 44,
            "1.6666666666666667": 70,
            "2.0": 110,
            "2.3333333333333335": 96,
            "2.6666666666666665": 78,
            "3.0": 43,
            "3.3333333333333335": 37,
            "3.6666666666666665": 11,
            "4.0": 9,
            "4.333333333333333": 1,
            "4.666666666666667": 2
        },
        "auto_scores": {
            "1.0": 180,
            "2.0": 118,
            "3.0": 149,
            "4.0": 67,
            "5.0": 14
        },
        "human_scores_entropy": 3.0582646905871393,
        "auto_scores_entropy": 2.0442568250736466,
        "kl_divergence": 0.283111973878575
    },
    "surprise": {
        "correlation": {
            "Pearson": 0.35150425376976474,
            "Spearman": 0.3174689308701774,
            "Kendall": 0.2603607555325298
        },
        "human_scores": {
            "1.0": 30,
            "1.3333333333333333": 56,
            "1.6666666666666667": 136,
            "2.0": 105,
            "2.3333333333333335": 70,
            "2.6666666666666665": 58,
            "3.0": 27,
            "3.3333333333333335": 22,
            "3.6666666666666665": 10,
            "4.0": 10,
            "4.333333333333333": 3,
            "4.666666666666667": 1
        },
        "auto_scores": {
            "1.0": 259,
            "2.0": 48,
            "3.0": 89,
            "4.0": 129,
            "5.0": 3
        },
        "human_scores_entropy": 2.9690059834865554,
        "auto_scores_entropy": 1.7906535410379882,
        "kl_divergence": 0.8811920427471553
    },
    "engagement": {
        "correlation": {
            "Pearson": 0.44721632929557564,
            "Spearman": 0.40278192445033495,
            "Kendall": 0.3364487644351604
        },
        "human_scores": {
            "1.0": 13,
            "1.3333333333333333": 25,
            "1.6666666666666667": 40,
            "2.0": 62,
            "2.3333333333333335": 95,
            "2.6666666666666665": 83,
            "3.0": 79,
            "3.3333333333333335": 51,
            "3.6666666666666665": 42,
            "4.0": 24,
            "4.333333333333333": 7,
            "4.666666666666667": 7
        },
        "auto_scores": {
            "1.0": 266,
            "2.0": 168,
            "3.0": 46,
            "4.0": 43,
            "5.0": 5
        },
        "human_scores_entropy": 3.243985513407171,
        "auto_scores_entropy": 1.6890203887232305,
        "kl_divergence": 0.615286922752502
    },
    "complexity": {
        "correlation": {
            "Pearson": 0.4971812640888166,
            "Spearman": 0.44043098128137553,
            "Kendall": 0.36512732086944816
        },
        "human_scores": {
            "1.0": 24,
            "1.3333333333333333": 23,
            "1.6666666666666667": 66,
            "2.0": 82,
            "2.3333333333333335": 94,
            "2.6666666666666665": 85,
            "3.0": 70,
            "3.3333333333333335": 39,
            "3.6666666666666665": 17,
            "4.0": 18,
            "4.333333333333333": 8,
            "4.666666666666667": 2
        },
        "auto_scores": {
            "1.0": 241,
            "2.0": 119,
            "3.0": 110,
            "4.0": 49,
            "5.0": 9
        },
        "human_scores_entropy": 3.171314765302857,
        "auto_scores_entropy": 1.890815862298975,
        "kl_divergence": 0.371956430038467
    },
    "average": {
        "Pearson": 0.4619374136393441,
        "Spearman": 0.4070286260888896,
        "Kendall": 0.33917065206097924
    }
}