{
    "relevance": {
        "correlation": {
            "Pearson": 0.5158496664952855,
            "Spearman": 0.4382297966983655,
            "Kendall": 0.3703205902545179
        },
        "human_scores": {
            "1.0": 33,
            "1.3333333333333333": 43,
            "1.6666666666666667": 46,
            "2.0": 67,
            "2.3333333333333335": 67,
            "2.6666666666666665": 63,
            "3.0": 72,
            "3.3333333333333335": 40,
            "3.6666666666666665": 34,
            "4.0": 29,
            "4.333333333333333": 13,
            "4.666666666666667": 12,
            "5.0": 9
        },
        "auto_scores": {
            "1.0": 429,
            "2.0": 49,
            "3.0": 17,
            "4.0": 13,
            "5.0": 20
        },
        "human_scores_entropy": 3.487719256120766,
        "auto_scores_entropy": 1.0317319125709772,
        "kl_divergence": 1.2233313899480616
    },
    "coherence": {
        "correlation": {
            "Pearson": 0.5400302491504214,
            "Spearman": 0.4444070131355563,
            "Kendall": 0.3815207531067653
        },
        "human_scores": {
            "1.0": 3,
            "1.3333333333333333": 3,
            "1.6666666666666667": 17,
            "2.0": 22,
            "2.3333333333333335": 45,
            "2.6666666666666665": 96,
            "3.0": 101,
            "3.3333333333333335": 90,
            "3.6666666666666665": 70,
            "4.0": 36,
            "4.333333333333333": 16,
            "4.666666666666667": 18,
            "5.0": 11
        },
        "auto_scores": {
            "1.0": 398,
            "2.0": 74,
            "3.0": 25,
            "4.0": 19,
            "5.0": 12
        },
        "human_scores_entropy": 3.1629176500093727,
        "auto_scores_entropy": 1.2097298664392022,
        "kl_divergence": 1.777256288765331
    },
    "empathy": {
        "correlation": {
            "Pearson": 0.4372853552651982,
            "Spearman": 0.41981870713047725,
            "Kendall": 0.3381321206199319
        },
        "human_scores": {
            "1.0": 27,
            "1.3333333333333333": 44,
            "1.6666666666666667": 70,
            "2.0": 110,
            "2.3333333333333335": 96,
            "2.6666666666666665": 78,
            "3.0": 43,
            "3.3333333333333335": 37,
            "3.6666666666666665": 11,
            "4.0": 9,
            "4.333333333333333": 1,
            "4.666666666666667": 2
        },
        "auto_scores": {
            "1.0": 139,
            "2.0": 105,
            "3.0": 180,
            "4.0": 72,
            "5.0": 32
        },
        "human_scores_entropy": 3.0582646905871393,
        "auto_scores_entropy": 2.1366351308987976,
        "kl_divergence": 0.31633114079184466
    },
    "surprise": {
        "correlation": {
            "Pearson": 0.4298167893778731,
            "Spearman": 0.3882768389918118,
            "Kendall": 0.3222721812853133
        },
        "human_scores": {
            "1.0": 30,
            "1.3333333333333333": 56,
            "1.6666666666666667": 136,
            "2.0": 105,
            "2.3333333333333335": 70,
            "2.6666666666666665": 58,
            "3.0": 27,
            "3.3333333333333335": 22,
            "3.6666666666666665": 10,
            "4.0": 10,
            "4.333333333333333": 3,
            "4.666666666666667": 1
        },
        "auto_scores": {
            "1.0": 294,
            "2.0": 65,
            "3.0": 76,
            "4.0": 91,
            "5.0": 2
        },
        "human_scores_entropy": 2.9690059834865554,
        "auto_scores_entropy": 1.712558171425623,
        "kl_divergence": 0.7299333925181498
    },
    "engagement": {
        "correlation": {
            "Pearson": 0.47491023944448496,
            "Spearman": 0.43472290035320704,
            "Kendall": 0.3670954257496507
        },
        "human_scores": {
            "1.0": 13,
            "1.3333333333333333": 25,
            "1.6666666666666667": 40,
            "2.0": 62,
            "2.3333333333333335": 95,
            "2.6666666666666665": 83,
            "3.0": 79,
            "3.3333333333333335": 51,
            "3.6666666666666665": 42,
            "4.0": 24,
            "4.333333333333333": 7,
            "4.666666666666667": 7
        },
        "auto_scores": {
            "1.0": 266,
            "2.0": 187,
            "3.0": 31,
            "4.0": 38,
            "5.0": 6
        },
        "human_scores_entropy": 3.243985513407171,
        "auto_scores_entropy": 1.6154443125791336,
        "kl_divergence": 0.7491911220081379
    },
    "complexity": {
        "correlation": {
            "Pearson": 0.5054454413888883,
            "Spearman": 0.4555604175973382,
            "Kendall": 0.37600200908010084
        },
        "human_scores": {
            "1.0": 24,
            "1.3333333333333333": 23,
            "1.6666666666666667": 66,
            "2.0": 82,
            "2.3333333333333335": 94,
            "2.6666666666666665": 85,
            "3.0": 70,
            "3.3333333333333335": 39,
            "3.6666666666666665": 17,
            "4.0": 18,
            "4.333333333333333": 8,
            "4.666666666666667": 2
        },
        "auto_scores": {
            "1.0": 254,
            "2.0": 95,
            "3.0": 102,
            "4.0": 61,
            "5.0": 16
        },
        "human_scores_entropy": 3.171314765302857,
        "auto_scores_entropy": 1.9238930668887586,
        "kl_divergence": 0.4782421430042367
    },
    "average": {
        "Pearson": 0.48388962352035864,
        "Spearman": 0.43016927898445934,
        "Kendall": 0.35922384668271334
    }
}