{
    "relevance": {
        "correlation": {
            "Pearson": 0.43757835567678555,
            "Spearman": 0.3691146322061139,
            "Kendall": 0.3139550094779713
        },
        "human_scores": {
            "1.0": 33,
            "1.3333333333333333": 43,
            "1.6666666666666667": 46,
            "2.0": 67,
            "2.3333333333333335": 67,
            "2.6666666666666665": 63,
            "3.0": 72,
            "3.3333333333333335": 40,
            "3.6666666666666665": 34,
            "4.0": 29,
            "4.333333333333333": 13,
            "4.666666666666667": 12,
            "5.0": 9
        },
        "auto_scores": {
            "1.0": 479,
            "2.0": 17,
            "3.0": 11,
            "4.0": 12,
            "5.0": 9
        },
        "human_scores_entropy": 3.487719256120766,
        "auto_scores_entropy": 0.6276348480790385,
        "kl_divergence": 1.7559134013855209
    },
    "coherence": {
        "correlation": {
            "Pearson": 0.4838091963625158,
            "Spearman": 0.38264628050784005,
            "Kendall": 0.32973187013227756
        },
        "human_scores": {
            "1.0": 3,
            "1.3333333333333333": 3,
            "1.6666666666666667": 17,
            "2.0": 22,
            "2.3333333333333335": 45,
            "2.6666666666666665": 96,
            "3.0": 101,
            "3.3333333333333335": 90,
            "3.6666666666666665": 70,
            "4.0": 36,
            "4.333333333333333": 16,
            "4.666666666666667": 18,
            "5.0": 11
        },
        "auto_scores": {
            "1.0": 478,
            "2.0": 17,
            "3.0": 17,
            "4.0": 12,
            "5.0": 4
        },
        "human_scores_entropy": 3.1629176500093727,
        "auto_scores_entropy": 0.6265766556729171,
        "kl_divergence": 2.385325279511109
    },
    "empathy": {
        "correlation": {
            "Pearson": 0.3844014722246072,
            "Spearman": 0.34123889586101125,
            "Kendall": 0.2838060615655829
        },
        "human_scores": {
            "1.0": 27,
            "1.3333333333333333": 44,
            "1.6666666666666667": 70,
            "2.0": 110,
            "2.3333333333333335": 96,
            "2.6666666666666665": 78,
            "3.0": 43,
            "3.3333333333333335": 37,
            "3.6666666666666665": 11,
            "4.0": 9,
            "4.333333333333333": 1,
            "4.666666666666667": 2
        },
        "auto_scores": {
            "1.0": 297,
            "2.0": 98,
            "2.51": 3,
            "3.0": 84,
            "4.0": 37,
            "5.0": 9
        },
        "human_scores_entropy": 3.0582646905871393,
        "auto_scores_entropy": 1.7510551152714287,
        "kl_divergence": 0.4991457896661827
    },
    "surprise": {
        "correlation": {
            "Pearson": 0.3212724257467392,
            "Spearman": 0.24342551247410274,
            "Kendall": 0.2054084090776193
        },
        "human_scores": {
            "1.0": 30,
            "1.3333333333333333": 56,
            "1.6666666666666667": 136,
            "2.0": 105,
            "2.3333333333333335": 70,
            "2.6666666666666665": 58,
            "3.0": 27,
            "3.3333333333333335": 22,
            "3.6666666666666665": 10,
            "4.0": 10,
            "4.333333333333333": 3,
            "4.666666666666667": 1
        },
        "auto_scores": {
            "1.0": 420,
            "2.0": 22,
            "2.51": 3,
            "3.0": 27,
            "4.0": 48,
            "5.0": 8
        },
        "human_scores_entropy": 2.9690059834865554,
        "auto_scores_entropy": 1.1214667270762855,
        "kl_divergence": 1.523555345879985
    },
    "engagement": {
        "correlation": {
            "Pearson": 0.4109754242918437,
            "Spearman": 0.31555409922096134,
            "Kendall": 0.26654537723101246
        },
        "human_scores": {
            "1.0": 13,
            "1.3333333333333333": 25,
            "1.6666666666666667": 40,
            "2.0": 62,
            "2.3333333333333335": 95,
            "2.6666666666666665": 83,
            "3.0": 79,
            "3.3333333333333335": 51,
            "3.6666666666666665": 42,
            "4.0": 24,
            "4.333333333333333": 7,
            "4.666666666666667": 7
        },
        "auto_scores": {
            "1.0": 396,
            "2.0": 84,
            "3.0": 13,
            "4.0": 31,
            "5.0": 4
        },
        "human_scores_entropy": 3.243985513407171,
        "auto_scores_entropy": 1.158284863633513,
        "kl_divergence": 1.4032491689014175
    },
    "complexity": {
        "correlation": {
            "Pearson": 0.4623328378941642,
            "Spearman": 0.3573654258516224,
            "Kendall": 0.30296274035999265
        },
        "human_scores": {
            "1.0": 24,
            "1.3333333333333333": 23,
            "1.6666666666666667": 66,
            "2.0": 82,
            "2.3333333333333335": 94,
            "2.6666666666666665": 85,
            "3.0": 70,
            "3.3333333333333335": 39,
            "3.6666666666666665": 17,
            "4.0": 18,
            "4.333333333333333": 8,
            "4.666666666666667": 2
        },
        "auto_scores": {
            "1.0": 394,
            "2.0": 73,
            "2.51": 1,
            "3.0": 30,
            "4.0": 27,
            "5.0": 3
        },
        "human_scores_entropy": 3.171314765302857,
        "auto_scores_entropy": 1.2237706769476842,
        "kl_divergence": 1.0702099322423584
    },
    "average": {
        "Pearson": 0.41672828536610923,
        "Spearman": 0.33489080768694196,
        "Kendall": 0.28373491130740935
    }
}