{
    "relevance": {
        "correlation": {
            "Pearson": 0.4764517272205876,
            "Spearman": 0.43508035849259097,
            "Kendall": 0.3660843016618817
        },
        "human_scores": {
            "1.0": 33,
            "1.3333333333333333": 43,
            "1.6666666666666667": 46,
            "2.0": 67,
            "2.3333333333333335": 67,
            "2.6666666666666665": 63,
            "3.0": 72,
            "3.3333333333333335": 40,
            "3.6666666666666665": 34,
            "4.0": 29,
            "4.333333333333333": 13,
            "4.666666666666667": 12,
            "5.0": 9
        },
        "auto_scores": {
            "1.0": 440,
            "3.0": 26,
            "5.0": 3,
            "10.0": 25,
            "15.0": 9,
            "20.0": 3,
            "25.0": 1,
            "30.0": 1,
            "35.0": 1,
            "40.0": 1,
            "42.0": 1,
            "45.0": 8,
            "48.0": 8,
            "50.0": 1
        },
        "human_scores_entropy": 3.487719256120766,
        "auto_scores_entropy": 1.1123009159792971,
        "kl_divergence": 0.4565826117981875
    },
    "coherence": {
        "correlation": {
            "Pearson": 0.5440957373872198,
            "Spearman": 0.441236844582329,
            "Kendall": 0.36894255976214324
        },
        "human_scores": {
            "1.0": 3,
            "1.3333333333333333": 3,
            "1.6666666666666667": 17,
            "2.0": 22,
            "2.3333333333333335": 45,
            "2.6666666666666665": 96,
            "3.0": 101,
            "3.3333333333333335": 90,
            "3.6666666666666665": 70,
            "4.0": 36,
            "4.333333333333333": 16,
            "4.666666666666667": 18,
            "5.0": 11
        },
        "auto_scores": {
            "1.0": 276,
            "3.0": 123,
            "10.0": 42,
            "15.0": 50,
            "20.0": 3,
            "25.0": 4,
            "30.0": 3,
            "35.0": 2,
            "38.0": 1,
            "40.0": 4,
            "45.0": 7,
            "48.0": 10,
            "50.0": 3
        },
        "human_scores_entropy": 3.1629176500093727,
        "auto_scores_entropy": 2.063925173557861,
        "kl_divergence": 0.4170504499094563
    },
    "empathy": {
        "correlation": {
            "Pearson": 0.3822646288500024,
            "Spearman": 0.38925409290755564,
            "Kendall": 0.30998564024980096
        },
        "human_scores": {
            "1.0": 27,
            "1.3333333333333333": 44,
            "1.6666666666666667": 70,
            "2.0": 110,
            "2.3333333333333335": 96,
            "2.6666666666666665": 78,
            "3.0": 43,
            "3.3333333333333335": 37,
            "3.6666666666666665": 11,
            "4.0": 9,
            "4.333333333333333": 1,
            "4.666666666666667": 2
        },
        "auto_scores": {
            "1.0": 161,
            "3.0": 167,
            "4.0": 8,
            "5.0": 15,
            "10.0": 4,
            "15.0": 99,
            "20.0": 5,
            "25.0": 29,
            "30.0": 4,
            "35.0": 3,
            "40.0": 14,
            "45.0": 16,
            "48.0": 1,
            "50.0": 2
        },
        "human_scores_entropy": 3.0582646905871393,
        "auto_scores_entropy": 2.5201235809385,
        "kl_divergence": -0.09591960797674097
    },
    "surprise": {
        "correlation": {
            "Pearson": 0.41703266029021013,
            "Spearman": 0.3783452433201339,
            "Kendall": 0.31562515632792143
        },
        "human_scores": {
            "1.0": 30,
            "1.3333333333333333": 56,
            "1.6666666666666667": 136,
            "2.0": 105,
            "2.3333333333333335": 70,
            "2.6666666666666665": 58,
            "3.0": 27,
            "3.3333333333333335": 22,
            "3.6666666666666665": 10,
            "4.0": 10,
            "4.333333333333333": 3,
            "4.666666666666667": 1
        },
        "auto_scores": {
            "0.0": 2,
            "1.0": 379,
            "3.0": 6,
            "5.0": 3,
            "10.0": 40,
            "12.0": 4,
            "15.0": 35,
            "20.0": 9,
            "25.0": 9,
            "30.0": 8,
            "35.0": 10,
            "40.0": 6,
            "45.0": 15,
            "48.0": 2
        },
        "human_scores_entropy": 2.9690059834865554,
        "auto_scores_entropy": 1.734560336640286,
        "kl_divergence": 0.3401923553637632
    },
    "engagement": {
        "correlation": {
            "Pearson": 0.5046948857983157,
            "Spearman": 0.43067294377662557,
            "Kendall": 0.34042805913829544
        },
        "human_scores": {
            "1.0": 13,
            "1.3333333333333333": 25,
            "1.6666666666666667": 40,
            "2.0": 62,
            "2.3333333333333335": 95,
            "2.6666666666666665": 83,
            "3.0": 79,
            "3.3333333333333335": 51,
            "3.6666666666666665": 42,
            "4.0": 24,
            "4.333333333333333": 7,
            "4.666666666666667": 7
        },
        "auto_scores": {
            "1.0": 149,
            "2.0": 3,
            "3.0": 91,
            "5.0": 10,
            "10.0": 99,
            "15.0": 118,
            "20.0": 13,
            "25.0": 4,
            "30.0": 1,
            "35.0": 2,
            "40.0": 10,
            "42.0": 4,
            "45.0": 23,
            "48.0": 1
        },
        "human_scores_entropy": 3.243985513407171,
        "auto_scores_entropy": 2.647301888781601,
        "kl_divergence": 1.8013035226096374
    },
    "complexity": {
        "correlation": {
            "Pearson": 0.48465504128395126,
            "Spearman": 0.4009611893032524,
            "Kendall": 0.3202699295936849
        },
        "human_scores": {
            "1.0": 24,
            "1.3333333333333333": 23,
            "1.6666666666666667": 66,
            "2.0": 82,
            "2.3333333333333335": 94,
            "2.6666666666666665": 85,
            "3.0": 70,
            "3.3333333333333335": 39,
            "3.6666666666666665": 17,
            "4.0": 18,
            "4.333333333333333": 8,
            "4.666666666666667": 2
        },
        "auto_scores": {
            "0.0": 2,
            "1.0": 234,
            "2.0": 67,
            "3.0": 92,
            "4.0": 10,
            "5.0": 2,
            "10.0": 21,
            "15.0": 41,
            "20.0": 2,
            "25.0": 3,
            "30.0": 5,
            "35.0": 3,
            "40.0": 16,
            "45.0": 14,
            "48.0": 6,
            "50.0": 10
        },
        "human_scores_entropy": 3.171314765302857,
        "auto_scores_entropy": 2.630511468870248,
        "kl_divergence": 0.8386403514824169
    },
    "average": {
        "Pearson": 0.4681991134717145,
        "Spearman": 0.4125917787304146,
        "Kendall": 0.3368892744556213
    }
}