{
    "relevance": {
        "correlation": {
            "Pearson": 0.3844725964430709,
            "Spearman": 0.3579872550133165,
            "Kendall": 0.3039803099778841
        },
        "human_scores": {
            "1.0": 33,
            "1.3333333333333333": 43,
            "1.6666666666666667": 46,
            "2.0": 67,
            "2.3333333333333335": 67,
            "2.6666666666666665": 63,
            "3.0": 72,
            "3.3333333333333335": 40,
            "3.6666666666666665": 34,
            "4.0": 29,
            "4.333333333333333": 13,
            "4.666666666666667": 12,
            "5.0": 9
        },
        "auto_scores": {
            "1.0": 496,
            "2.0": 16,
            "3.0": 5,
            "4.0": 8,
            "5.0": 3
        },
        "human_scores_entropy": 3.487719256120766,
        "auto_scores_entropy": 0.4352162823726762,
        "kl_divergence": 2.134943990857285
    },
    "coherence": {
        "correlation": {
            "Pearson": 0.4987634530420038,
            "Spearman": 0.42604707323258434,
            "Kendall": 0.3673143016361326
        },
        "human_scores": {
            "1.0": 3,
            "1.3333333333333333": 3,
            "1.6666666666666667": 17,
            "2.0": 22,
            "2.3333333333333335": 45,
            "2.6666666666666665": 96,
            "3.0": 101,
            "3.3333333333333335": 90,
            "3.6666666666666665": 70,
            "4.0": 36,
            "4.333333333333333": 16,
            "4.666666666666667": 18,
            "5.0": 11
        },
        "auto_scores": {
            "1.0": 481,
            "2.0": 24,
            "3.0": 18,
            "4.0": 5
        },
        "human_scores_entropy": 3.1629176500093727,
        "auto_scores_entropy": 0.5550646424434982,
        "kl_divergence": 2.3928054660902536
    },
    "empathy": {
        "correlation": {
            "Pearson": 0.4125903062067561,
            "Spearman": 0.36030391063758255,
            "Kendall": 0.30388335392482985
        },
        "human_scores": {
            "1.0": 27,
            "1.3333333333333333": 44,
            "1.6666666666666667": 70,
            "2.0": 110,
            "2.3333333333333335": 96,
            "2.6666666666666665": 78,
            "3.0": 43,
            "3.3333333333333335": 37,
            "3.6666666666666665": 11,
            "4.0": 9,
            "4.333333333333333": 1,
            "4.666666666666667": 2
        },
        "auto_scores": {
            "1.0": 319,
            "2.0": 141,
            "3.0": 52,
            "4.0": 16
        },
        "human_scores_entropy": 3.0582646905871393,
        "auto_scores_entropy": 1.4300868659066353,
        "kl_divergence": 0.4924218330934093
    },
    "surprise": {
        "correlation": {
            "Pearson": 0.3756373389026048,
            "Spearman": 0.3317704600589265,
            "Kendall": 0.2837663857787235
        },
        "human_scores": {
            "1.0": 30,
            "1.3333333333333333": 56,
            "1.6666666666666667": 136,
            "2.0": 105,
            "2.3333333333333335": 70,
            "2.6666666666666665": 58,
            "3.0": 27,
            "3.3333333333333335": 22,
            "3.6666666666666665": 10,
            "4.0": 10,
            "4.333333333333333": 3,
            "4.666666666666667": 1
        },
        "auto_scores": {
            "1.0": 444,
            "2.0": 33,
            "2.51": 2,
            "3.0": 14,
            "4.0": 34,
            "5.0": 1
        },
        "human_scores_entropy": 2.9690059834865554,
        "auto_scores_entropy": 0.9014729903630102,
        "kl_divergence": 1.422027397894437
    },
    "engagement": {
        "correlation": {
            "Pearson": 0.41336775203724574,
            "Spearman": 0.37837016248870486,
            "Kendall": 0.3222354781248691
        },
        "human_scores": {
            "1.0": 13,
            "1.3333333333333333": 25,
            "1.6666666666666667": 40,
            "2.0": 62,
            "2.3333333333333335": 95,
            "2.6666666666666665": 83,
            "3.0": 79,
            "3.3333333333333335": 51,
            "3.6666666666666665": 42,
            "4.0": 24,
            "4.333333333333333": 7,
            "4.666666666666667": 7
        },
        "auto_scores": {
            "1.0": 458,
            "2.0": 45,
            "3.0": 20,
            "4.0": 5
        },
        "human_scores_entropy": 3.243985513407171,
        "auto_scores_entropy": 0.7233014552383403,
        "kl_divergence": 1.6967134427559565
    },
    "complexity": {
        "correlation": {
            "Pearson": 0.4412982516167249,
            "Spearman": 0.37901352964698914,
            "Kendall": 0.32188623156224067
        },
        "human_scores": {
            "1.0": 24,
            "1.3333333333333333": 23,
            "1.6666666666666667": 66,
            "2.0": 82,
            "2.3333333333333335": 94,
            "2.6666666666666665": 85,
            "3.0": 70,
            "3.3333333333333335": 39,
            "3.6666666666666665": 17,
            "4.0": 18,
            "4.333333333333333": 8,
            "4.666666666666667": 2
        },
        "auto_scores": {
            "1.0": 355,
            "2.0": 98,
            "2.51": 1,
            "3.0": 65,
            "4.0": 8,
            "5.0": 1
        },
        "human_scores_entropy": 3.171314765302857,
        "auto_scores_entropy": 1.3339013661779313,
        "kl_divergence": 0.7700787443476083
    },
    "average": {
        "Pearson": 0.4210216163747344,
        "Spearman": 0.3722487318463506,
        "Kendall": 0.3171776768341133
    }
}