{
    "relevance": {
        "correlation": {
            "Pearson": 0.47645586330724615,
            "Spearman": 0.4932974061773415,
            "Kendall": 0.4093185946245574
        },
        "human_scores": {
            "1.0": 33,
            "1.3333333333333333": 43,
            "1.6666666666666667": 46,
            "2.0": 67,
            "2.3333333333333335": 67,
            "2.6666666666666665": 63,
            "3.0": 72,
            "3.3333333333333335": 40,
            "3.6666666666666665": 34,
            "4.0": 29,
            "4.333333333333333": 13,
            "4.666666666666667": 12,
            "5.0": 9
        },
        "auto_scores": {
            "0.0": 1,
            "1.0": 373,
            "2.0": 46,
            "10.0": 9,
            "12.0": 1,
            "15.0": 32,
            "20.0": 38,
            "30.0": 4,
            "40.0": 1,
            "60.0": 4,
            "75.0": 3,
            "85.0": 9,
            "90.0": 1,
            "95.0": 6
        },
        "human_scores_entropy": 3.487719256120766,
        "auto_scores_entropy": 1.6705697311441836,
        "kl_divergence": 0.2361222646989241
    },
    "coherence": {
        "correlation": {
            "Pearson": 0.5608841165976982,
            "Spearman": 0.4663542489811696,
            "Kendall": 0.3835747893069868
        },
        "human_scores": {
            "1.0": 3,
            "1.3333333333333333": 3,
            "1.6666666666666667": 17,
            "2.0": 22,
            "2.3333333333333335": 45,
            "2.6666666666666665": 96,
            "3.0": 101,
            "3.3333333333333335": 90,
            "3.6666666666666665": 70,
            "4.0": 36,
            "4.333333333333333": 16,
            "4.666666666666667": 18,
            "5.0": 11
        },
        "auto_scores": {
            "1.0": 210,
            "2.0": 62,
            "10.0": 12,
            "12.0": 1,
            "15.0": 43,
            "20.0": 143,
            "30.0": 23,
            "40.0": 1,
            "60.0": 6,
            "65.0": 1,
            "75.0": 6,
            "85.0": 15,
            "95.0": 5
        },
        "human_scores_entropy": 3.1629176500093727,
        "auto_scores_entropy": 2.4257639300013416,
        "kl_divergence": 0.007911428769155612
    },
    "empathy": {
        "correlation": {
            "Pearson": 0.40699557667197706,
            "Spearman": 0.42449140344837866,
            "Kendall": 0.33562852668032733
        },
        "human_scores": {
            "1.0": 27,
            "1.3333333333333333": 44,
            "1.6666666666666667": 70,
            "2.0": 110,
            "2.3333333333333335": 96,
            "2.6666666666666665": 78,
            "3.0": 43,
            "3.3333333333333335": 37,
            "3.6666666666666665": 11,
            "4.0": 9,
            "4.333333333333333": 1,
            "4.666666666666667": 2
        },
        "auto_scores": {
            "0.0": 1,
            "1.0": 176,
            "2.0": 22,
            "3.0": 149,
            "4.0": 12,
            "5.0": 2,
            "6.0": 6,
            "15.0": 10,
            "20.0": 12,
            "25.0": 3,
            "30.0": 46,
            "35.0": 1,
            "40.0": 22,
            "45.0": 3,
            "60.0": 23,
            "65.0": 2,
            "70.0": 1,
            "75.0": 11,
            "85.0": 25,
            "95.0": 1
        },
        "human_scores_entropy": 3.0582646905871393,
        "auto_scores_entropy": 2.898021156969789,
        "kl_divergence": 1.2399001133689107
    },
    "surprise": {
        "correlation": {
            "Pearson": 0.45056415781938225,
            "Spearman": 0.39378656024606223,
            "Kendall": 0.3255331054529586
        },
        "human_scores": {
            "1.0": 30,
            "1.3333333333333333": 56,
            "1.6666666666666667": 136,
            "2.0": 105,
            "2.3333333333333335": 70,
            "2.6666666666666665": 58,
            "3.0": 27,
            "3.3333333333333335": 22,
            "3.6666666666666665": 10,
            "4.0": 10,
            "4.333333333333333": 3,
            "4.666666666666667": 1
        },
        "auto_scores": {
            "0.0": 6,
            "1.0": 334,
            "2.0": 3,
            "3.0": 2,
            "4.0": 1,
            "10.0": 4,
            "15.0": 60,
            "20.0": 25,
            "25.0": 3,
            "30.0": 29,
            "35.0": 1,
            "40.0": 5,
            "45.0": 2,
            "50.0": 1,
            "60.0": 10,
            "65.0": 9,
            "75.0": 16,
            "85.0": 15,
            "95.0": 1,
            "100.0": 1
        },
        "human_scores_entropy": 2.9690059834865554,
        "auto_scores_entropy": 2.141875789045982,
        "kl_divergence": 3.4558053407720553
    },
    "engagement": {
        "correlation": {
            "Pearson": 0.5036267858538319,
            "Spearman": 0.41729716426466107,
            "Kendall": 0.33025618264632356
        },
        "human_scores": {
            "1.0": 13,
            "1.3333333333333333": 25,
            "1.6666666666666667": 40,
            "2.0": 62,
            "2.3333333333333335": 95,
            "2.6666666666666665": 83,
            "3.0": 79,
            "3.3333333333333335": 51,
            "3.6666666666666665": 42,
            "4.0": 24,
            "4.333333333333333": 7,
            "4.666666666666667": 7
        },
        "auto_scores": {
            "0.0": 7,
            "1.0": 116,
            "2.0": 99,
            "10.0": 17,
            "12.0": 1,
            "15.0": 8,
            "20.0": 164,
            "25.0": 24,
            "30.0": 41,
            "40.0": 2,
            "45.0": 2,
            "60.0": 3,
            "65.0": 3,
            "75.0": 9,
            "85.0": 29,
            "95.0": 3
        },
        "human_scores_entropy": 3.243985513407171,
        "auto_scores_entropy": 2.8152593638271566,
        "kl_divergence": 0.17640979335687562
    },
    "complexity": {
        "correlation": {
            "Pearson": 0.4229855799915695,
            "Spearman": 0.430861605409141,
            "Kendall": 0.3469779578698778
        },
        "human_scores": {
            "1.0": 24,
            "1.3333333333333333": 23,
            "1.6666666666666667": 66,
            "2.0": 82,
            "2.3333333333333335": 94,
            "2.6666666666666665": 85,
            "3.0": 70,
            "3.3333333333333335": 39,
            "3.6666666666666665": 17,
            "4.0": 18,
            "4.333333333333333": 8,
            "4.666666666666667": 2
        },
        "auto_scores": {
            "0.0": 13,
            "1.0": 205,
            "2.0": 142,
            "3.0": 61,
            "4.0": 14,
            "5.0": 6,
            "10.0": 1,
            "15.0": 3,
            "20.0": 8,
            "25.0": 5,
            "30.0": 14,
            "35.0": 1,
            "40.0": 13,
            "45.0": 7,
            "60.0": 1,
            "65.0": 3,
            "70.0": 2,
            "75.0": 11,
            "85.0": 17,
            "95.0": 1
        },
        "human_scores_entropy": 3.171314765302857,
        "auto_scores_entropy": 2.71111542524357,
        "kl_divergence": 0.6255646183408612
    },
    "average": {
        "Pearson": 0.4702520133736175,
        "Spearman": 0.43768139808779233,
        "Kendall": 0.3552148594301719
    }
}