{
    "relevance": {
        "correlation": {
            "Pearson": 0.4899508091037877,
            "Spearman": 0.48395553190160073,
            "Kendall": 0.41079105336310967
        },
        "human_scores": {
            "1.0": 33,
            "1.3333333333333333": 43,
            "1.6666666666666667": 46,
            "2.0": 67,
            "2.3333333333333335": 67,
            "2.6666666666666665": 63,
            "3.0": 72,
            "3.3333333333333335": 40,
            "3.6666666666666665": 34,
            "4.0": 29,
            "4.333333333333333": 13,
            "4.666666666666667": 12,
            "5.0": 9
        },
        "auto_scores": {
            "1.0": 392,
            "2.0": 98,
            "3.0": 13,
            "4.0": 2,
            "6.0": 4,
            "7.0": 5,
            "8.0": 6,
            "9.0": 8
        },
        "human_scores_entropy": 3.487719256120766,
        "auto_scores_entropy": 1.2140286734663133,
        "kl_divergence": 1.3564126459418036
    },
    "coherence": {
        "correlation": {
            "Pearson": 0.5507740311415513,
            "Spearman": 0.43613533951070504,
            "Kendall": 0.3673598766154677
        },
        "human_scores": {
            "1.0": 3,
            "1.3333333333333333": 3,
            "1.6666666666666667": 17,
            "2.0": 22,
            "2.3333333333333335": 45,
            "2.6666666666666665": 96,
            "3.0": 101,
            "3.3333333333333335": 90,
            "3.6666666666666665": 70,
            "4.0": 36,
            "4.333333333333333": 16,
            "4.666666666666667": 18,
            "5.0": 11
        },
        "auto_scores": {
            "1.0": 247,
            "2.0": 157,
            "3.0": 89,
            "4.0": 1,
            "6.0": 10,
            "7.0": 3,
            "8.0": 12,
            "9.0": 6,
            "10.0": 3
        },
        "human_scores_entropy": 3.1629176500093727,
        "auto_scores_entropy": 1.8737486267455907,
        "kl_divergence": 1.6046998399934194
    },
    "empathy": {
        "correlation": {
            "Pearson": 0.43153610071798576,
            "Spearman": 0.40736625035601043,
            "Kendall": 0.32462478995060556
        },
        "human_scores": {
            "1.0": 27,
            "1.3333333333333333": 44,
            "1.6666666666666667": 70,
            "2.0": 110,
            "2.3333333333333335": 96,
            "2.6666666666666665": 78,
            "3.0": 43,
            "3.3333333333333335": 37,
            "3.6666666666666665": 11,
            "4.0": 9,
            "4.333333333333333": 1,
            "4.666666666666667": 2
        },
        "auto_scores": {
            "1.0": 141,
            "2.0": 98,
            "2.51": 1,
            "3.0": 160,
            "4.0": 44,
            "6.0": 40,
            "7.0": 23,
            "8.0": 19,
            "9.0": 2
        },
        "human_scores_entropy": 3.0582646905871393,
        "auto_scores_entropy": 2.4794860448247924,
        "kl_divergence": 0.41394516725106634
    },
    "surprise": {
        "correlation": {
            "Pearson": 0.4580354927677809,
            "Spearman": 0.4016726351846377,
            "Kendall": 0.3355834415026579
        },
        "human_scores": {
            "1.0": 30,
            "1.3333333333333333": 56,
            "1.6666666666666667": 136,
            "2.0": 105,
            "2.3333333333333335": 70,
            "2.6666666666666665": 58,
            "3.0": 27,
            "3.3333333333333335": 22,
            "3.6666666666666665": 10,
            "4.0": 10,
            "4.333333333333333": 3,
            "4.666666666666667": 1
        },
        "auto_scores": {
            "0.0": 1,
            "1.0": 355,
            "2.0": 48,
            "2.51": 2,
            "3.0": 57,
            "4.0": 9,
            "6.0": 32,
            "7.0": 11,
            "8.0": 13
        },
        "human_scores_entropy": 2.9690059834865554,
        "auto_scores_entropy": 1.6870334733262435,
        "kl_divergence": 1.031212498779267
    },
    "engagement": {
        "correlation": {
            "Pearson": 0.49193357388242936,
            "Spearman": 0.4229948851264117,
            "Kendall": 0.3466641555581572
        },
        "human_scores": {
            "1.0": 13,
            "1.3333333333333333": 25,
            "1.6666666666666667": 40,
            "2.0": 62,
            "2.3333333333333335": 95,
            "2.6666666666666665": 83,
            "3.0": 79,
            "3.3333333333333335": 51,
            "3.6666666666666665": 42,
            "4.0": 24,
            "4.333333333333333": 7,
            "4.666666666666667": 7
        },
        "auto_scores": {
            "1.0": 133,
            "2.0": 213,
            "3.0": 127,
            "4.0": 7,
            "6.0": 10,
            "7.0": 13,
            "8.0": 21,
            "9.0": 4
        },
        "human_scores_entropy": 3.243985513407171,
        "auto_scores_entropy": 2.0848793165794914,
        "kl_divergence": 0.4134603509792145
    },
    "complexity": {
        "correlation": {
            "Pearson": 0.5270726453710739,
            "Spearman": 0.4554679480787096,
            "Kendall": 0.3690626559173521
        },
        "human_scores": {
            "1.0": 24,
            "1.3333333333333333": 23,
            "1.6666666666666667": 66,
            "2.0": 82,
            "2.3333333333333335": 94,
            "2.6666666666666665": 85,
            "3.0": 70,
            "3.3333333333333335": 39,
            "3.6666666666666665": 17,
            "4.0": 18,
            "4.333333333333333": 8,
            "4.666666666666667": 2
        },
        "auto_scores": {
            "1.0": 223,
            "2.0": 119,
            "3.0": 81,
            "4.0": 31,
            "5.0": 4,
            "6.0": 37,
            "7.0": 18,
            "8.0": 15
        },
        "human_scores_entropy": 3.171314765302857,
        "auto_scores_entropy": 2.2989325457601932,
        "kl_divergence": 0.5316668865366472
    },
    "average": {
        "Pearson": 0.49155044216410154,
        "Spearman": 0.4345987650263459,
        "Kendall": 0.3590143288178917
    }
}