{
    "relevance": {
        "correlation": {
            "Pearson": 0.3881414924155213,
            "Spearman": 0.3334776343587159,
            "Kendall": 0.2837191630898463
        },
        "human_scores": {
            "1.0": 33,
            "1.3333333333333333": 43,
            "1.6666666666666667": 46,
            "2.0": 67,
            "2.3333333333333335": 67,
            "2.6666666666666665": 63,
            "3.0": 72,
            "3.3333333333333335": 40,
            "3.6666666666666665": 34,
            "4.0": 29,
            "4.333333333333333": 13,
            "4.666666666666667": 12,
            "5.0": 9
        },
        "auto_scores": {
            "1.0": 504,
            "2.0": 9,
            "3.0": 10,
            "4.0": 5
        },
        "human_scores_entropy": 3.487719256120766,
        "auto_scores_entropy": 0.336236301403436,
        "kl_divergence": 2.0893093814535644
    },
    "coherence": {
        "correlation": {
            "Pearson": 0.39372576091022643,
            "Spearman": 0.33248400977704906,
            "Kendall": 0.2870789951462631
        },
        "human_scores": {
            "1.0": 3,
            "1.3333333333333333": 3,
            "1.6666666666666667": 17,
            "2.0": 22,
            "2.3333333333333335": 45,
            "2.6666666666666665": 96,
            "3.0": 101,
            "3.3333333333333335": 90,
            "3.6666666666666665": 70,
            "4.0": 36,
            "4.333333333333333": 16,
            "4.666666666666667": 18,
            "5.0": 11
        },
        "auto_scores": {
            "1.0": 501,
            "2.0": 11,
            "3.0": 11,
            "4.0": 4,
            "5.0": 1
        },
        "human_scores_entropy": 3.1629176500093727,
        "auto_scores_entropy": 0.375057833372052,
        "kl_divergence": 3.0206553323805903
    },
    "empathy": {
        "correlation": {
            "Pearson": 0.38179134681948346,
            "Spearman": 0.33763440542721374,
            "Kendall": 0.28862789619927154
        },
        "human_scores": {
            "1.0": 27,
            "1.3333333333333333": 44,
            "1.6666666666666667": 70,
            "2.0": 110,
            "2.3333333333333335": 96,
            "2.6666666666666665": 78,
            "3.0": 43,
            "3.3333333333333335": 37,
            "3.6666666666666665": 11,
            "4.0": 9,
            "4.333333333333333": 1,
            "4.666666666666667": 2
        },
        "auto_scores": {
            "1.0": 463,
            "2.0": 26,
            "3.0": 25,
            "4.0": 13,
            "5.0": 1
        },
        "human_scores_entropy": 3.0582646905871393,
        "auto_scores_entropy": 0.7371637875376955,
        "kl_divergence": 1.5561223651695448
    },
    "surprise": {
        "correlation": {
            "Pearson": 0.3856537497167957,
            "Spearman": 0.3264675908985247,
            "Kendall": 0.28348694503437216
        },
        "human_scores": {
            "1.0": 30,
            "1.3333333333333333": 56,
            "1.6666666666666667": 136,
            "2.0": 105,
            "2.3333333333333335": 70,
            "2.6666666666666665": 58,
            "3.0": 27,
            "3.3333333333333335": 22,
            "3.6666666666666665": 10,
            "4.0": 10,
            "4.333333333333333": 3,
            "4.666666666666667": 1
        },
        "auto_scores": {
            "1.0": 484,
            "2.0": 8,
            "3.0": 9,
            "4.0": 27
        },
        "human_scores_entropy": 2.9690059834865554,
        "auto_scores_entropy": 0.526134470850313,
        "kl_divergence": 2.369290939935991
    },
    "engagement": {
        "correlation": {
            "Pearson": 0.39130119474924585,
            "Spearman": 0.3585416854430106,
            "Kendall": 0.3055090192510494
        },
        "human_scores": {
            "1.0": 13,
            "1.3333333333333333": 25,
            "1.6666666666666667": 40,
            "2.0": 62,
            "2.3333333333333335": 95,
            "2.6666666666666665": 83,
            "3.0": 79,
            "3.3333333333333335": 51,
            "3.6666666666666665": 42,
            "4.0": 24,
            "4.333333333333333": 7,
            "4.666666666666667": 7
        },
        "auto_scores": {
            "1.0": 485,
            "2.0": 12,
            "3.0": 21,
            "4.0": 10
        },
        "human_scores_entropy": 3.243985513407171,
        "auto_scores_entropy": 0.5300563327732088,
        "kl_divergence": 2.070230909551916
    },
    "complexity": {
        "correlation": {
            "Pearson": 0.4768498559766147,
            "Spearman": 0.38941723769752523,
            "Kendall": 0.33420411760717617
        },
        "human_scores": {
            "1.0": 24,
            "1.3333333333333333": 23,
            "1.6666666666666667": 66,
            "2.0": 82,
            "2.3333333333333335": 94,
            "2.6666666666666665": 85,
            "3.0": 70,
            "3.3333333333333335": 39,
            "3.6666666666666665": 17,
            "4.0": 18,
            "4.333333333333333": 8,
            "4.666666666666667": 2
        },
        "auto_scores": {
            "1.0": 456,
            "2.0": 34,
            "3.0": 20,
            "4.0": 18
        },
        "human_scores_entropy": 3.171314765302857,
        "auto_scores_entropy": 0.7825214015831833,
        "kl_divergence": 1.6029952635986802
    },
    "average": {
        "Pearson": 0.4029105667646479,
        "Spearman": 0.3463370939336732,
        "Kendall": 0.2971043560546631
    }
}