{
    "relevance": {
        "correlation": {
            "Pearson": 0.4846116614323884,
            "Spearman": 0.45069183635159044,
            "Kendall": 0.3829480297175751
        },
        "human_scores": {
            "1.0": 33,
            "1.3333333333333333": 43,
            "1.6666666666666667": 46,
            "2.0": 67,
            "2.3333333333333335": 67,
            "2.6666666666666665": 63,
            "3.0": 72,
            "3.3333333333333335": 40,
            "3.6666666666666665": 34,
            "4.0": 29,
            "4.333333333333333": 13,
            "4.666666666666667": 12,
            "5.0": 9
        },
        "auto_scores": {
            "1.0": 458,
            "2.0": 45,
            "3.0": 10,
            "4.0": 8,
            "5.0": 7
        },
        "human_scores_entropy": 3.487719256120766,
        "auto_scores_entropy": 0.7634102373764221,
        "kl_divergence": 1.5304561549042508
    },
    "coherence": {
        "correlation": {
            "Pearson": 0.5537540421581856,
            "Spearman": 0.44657820809705745,
            "Kendall": 0.3864162663920897
        },
        "human_scores": {
            "1.0": 3,
            "1.3333333333333333": 3,
            "1.6666666666666667": 17,
            "2.0": 22,
            "2.3333333333333335": 45,
            "2.6666666666666665": 96,
            "3.0": 101,
            "3.3333333333333335": 90,
            "3.6666666666666665": 70,
            "4.0": 36,
            "4.333333333333333": 16,
            "4.666666666666667": 18,
            "5.0": 11
        },
        "auto_scores": {
            "1.0": 403,
            "2.0": 83,
            "3.0": 19,
            "4.0": 15,
            "5.0": 8
        },
        "human_scores_entropy": 3.1629176500093727,
        "auto_scores_entropy": 1.1272339413506476,
        "kl_divergence": 1.9849177342381352
    },
    "empathy": {
        "correlation": {
            "Pearson": 0.39755667275438866,
            "Spearman": 0.35825017106942897,
            "Kendall": 0.29665788194463105
        },
        "human_scores": {
            "1.0": 27,
            "1.3333333333333333": 44,
            "1.6666666666666667": 70,
            "2.0": 110,
            "2.3333333333333335": 96,
            "2.6666666666666665": 78,
            "3.0": 43,
            "3.3333333333333335": 37,
            "3.6666666666666665": 11,
            "4.0": 9,
            "4.333333333333333": 1,
            "4.666666666666667": 2
        },
        "auto_scores": {
            "1.0": 208,
            "2.0": 221,
            "2.51": 1,
            "3.0": 58,
            "4.0": 36,
            "5.0": 4
        },
        "human_scores_entropy": 3.0582646905871393,
        "auto_scores_entropy": 1.7400416103278173,
        "kl_divergence": 0.24234219533110649
    },
    "surprise": {
        "correlation": {
            "Pearson": 0.3928532316311249,
            "Spearman": 0.32727781806556194,
            "Kendall": 0.2685585057599025
        },
        "human_scores": {
            "1.0": 30,
            "1.3333333333333333": 56,
            "1.6666666666666667": 136,
            "2.0": 105,
            "2.3333333333333335": 70,
            "2.6666666666666665": 58,
            "3.0": 27,
            "3.3333333333333335": 22,
            "3.6666666666666665": 10,
            "4.0": 10,
            "4.333333333333333": 3,
            "4.666666666666667": 1
        },
        "auto_scores": {
            "1.0": 261,
            "2.0": 134,
            "3.0": 63,
            "4.0": 56,
            "5.0": 14
        },
        "human_scores_entropy": 2.9690059834865554,
        "auto_scores_entropy": 1.8526840883913922,
        "kl_divergence": 0.3786818573190058
    },
    "engagement": {
        "correlation": {
            "Pearson": 0.4782874765552305,
            "Spearman": 0.4130596335552915,
            "Kendall": 0.3523318676381252
        },
        "human_scores": {
            "1.0": 13,
            "1.3333333333333333": 25,
            "1.6666666666666667": 40,
            "2.0": 62,
            "2.3333333333333335": 95,
            "2.6666666666666665": 83,
            "3.0": 79,
            "3.3333333333333335": 51,
            "3.6666666666666665": 42,
            "4.0": 24,
            "4.333333333333333": 7,
            "4.666666666666667": 7
        },
        "auto_scores": {
            "1.0": 386,
            "2.0": 96,
            "3.0": 15,
            "4.0": 30,
            "5.0": 1
        },
        "human_scores_entropy": 3.243985513407171,
        "auto_scores_entropy": 1.1757295487957766,
        "kl_divergence": 1.3204527172715497
    },
    "complexity": {
        "correlation": {
            "Pearson": 0.512216518679287,
            "Spearman": 0.4348718636631957,
            "Kendall": 0.36964378497861755
        },
        "human_scores": {
            "1.0": 24,
            "1.3333333333333333": 23,
            "1.6666666666666667": 66,
            "2.0": 82,
            "2.3333333333333335": 94,
            "2.6666666666666665": 85,
            "3.0": 70,
            "3.3333333333333335": 39,
            "3.6666666666666665": 17,
            "4.0": 18,
            "4.333333333333333": 8,
            "4.666666666666667": 2
        },
        "auto_scores": {
            "1.0": 368,
            "2.0": 103,
            "3.0": 28,
            "4.0": 29
        },
        "human_scores_entropy": 3.171314765302857,
        "auto_scores_entropy": 1.277599155712308,
        "kl_divergence": 0.9516103142698488
    },
    "average": {
        "Pearson": 0.46987993386843424,
        "Spearman": 0.405121588467021,
        "Kendall": 0.3427593894051568
    }
}