{
    "relevance": {
        "correlation": {
            "Pearson": 0.5073682529138454,
            "Spearman": 0.4534142420908529,
            "Kendall": 0.38471455954694694
        },
        "human_scores": {
            "1.0": 33,
            "1.3333333333333333": 43,
            "1.6666666666666667": 46,
            "2.0": 67,
            "2.3333333333333335": 67,
            "2.6666666666666665": 63,
            "3.0": 72,
            "3.3333333333333335": 40,
            "3.6666666666666665": 34,
            "4.0": 29,
            "4.333333333333333": 13,
            "4.666666666666667": 12,
            "5.0": 9
        },
        "auto_scores": {
            "1.0": 446,
            "2.0": 46,
            "3.0": 13,
            "4.0": 17,
            "5.0": 6
        },
        "human_scores_entropy": 3.487719256120766,
        "auto_scores_entropy": 0.8769934280999395,
        "kl_divergence": 1.3374606538507094
    },
    "coherence": {
        "correlation": {
            "Pearson": 0.5191381994693435,
            "Spearman": 0.41063993203900573,
            "Kendall": 0.3543448913208823
        },
        "human_scores": {
            "1.0": 3,
            "1.3333333333333333": 3,
            "1.6666666666666667": 17,
            "2.0": 22,
            "2.3333333333333335": 45,
            "2.6666666666666665": 96,
            "3.0": 101,
            "3.3333333333333335": 90,
            "3.6666666666666665": 70,
            "4.0": 36,
            "4.333333333333333": 16,
            "4.666666666666667": 18,
            "5.0": 11
        },
        "auto_scores": {
            "1.0": 446,
            "2.0": 40,
            "3.0": 19,
            "4.0": 22,
            "5.0": 1
        },
        "human_scores_entropy": 3.1629176500093727,
        "auto_scores_entropy": 0.8684535937421674,
        "kl_divergence": 2.1256131745835396
    },
    "empathy": {
        "correlation": {
            "Pearson": 0.43014301116408254,
            "Spearman": 0.39285172822067704,
            "Kendall": 0.3224976326816393
        },
        "human_scores": {
            "1.0": 27,
            "1.3333333333333333": 44,
            "1.6666666666666667": 70,
            "2.0": 110,
            "2.3333333333333335": 96,
            "2.6666666666666665": 78,
            "3.0": 43,
            "3.3333333333333335": 37,
            "3.6666666666666665": 11,
            "4.0": 9,
            "4.333333333333333": 1,
            "4.666666666666667": 2
        },
        "auto_scores": {
            "1.0": 202,
            "2.0": 159,
            "3.0": 109,
            "4.0": 35,
            "5.0": 23
        },
        "human_scores_entropy": 3.0582646905871393,
        "auto_scores_entropy": 1.9780948174850725,
        "kl_divergence": 0.22920712412088853
    },
    "surprise": {
        "correlation": {
            "Pearson": 0.4312252331398601,
            "Spearman": 0.3730963375046058,
            "Kendall": 0.31196408415854415
        },
        "human_scores": {
            "1.0": 30,
            "1.3333333333333333": 56,
            "1.6666666666666667": 136,
            "2.0": 105,
            "2.3333333333333335": 70,
            "2.6666666666666665": 58,
            "3.0": 27,
            "3.3333333333333335": 22,
            "3.6666666666666665": 10,
            "4.0": 10,
            "4.333333333333333": 3,
            "4.666666666666667": 1
        },
        "auto_scores": {
            "1.0": 316,
            "2.0": 69,
            "3.0": 64,
            "4.0": 63,
            "5.0": 16
        },
        "human_scores_entropy": 2.9690059834865554,
        "auto_scores_entropy": 1.7147510528392242,
        "kl_divergence": 0.72990981964467
    },
    "engagement": {
        "correlation": {
            "Pearson": 0.4941110054350551,
            "Spearman": 0.4387302394219257,
            "Kendall": 0.37422149839576563
        },
        "human_scores": {
            "1.0": 13,
            "1.3333333333333333": 25,
            "1.6666666666666667": 40,
            "2.0": 62,
            "2.3333333333333335": 95,
            "2.6666666666666665": 83,
            "3.0": 79,
            "3.3333333333333335": 51,
            "3.6666666666666665": 42,
            "4.0": 24,
            "4.333333333333333": 7,
            "4.666666666666667": 7
        },
        "auto_scores": {
            "1.0": 326,
            "2.0": 153,
            "3.0": 12,
            "4.0": 32,
            "5.0": 5
        },
        "human_scores_entropy": 3.243985513407171,
        "auto_scores_entropy": 1.3801992165281551,
        "kl_divergence": 1.2184683266511476
    },
    "complexity": {
        "correlation": {
            "Pearson": 0.49895263171206045,
            "Spearman": 0.409472656078273,
            "Kendall": 0.34104579436799515
        },
        "human_scores": {
            "1.0": 24,
            "1.3333333333333333": 23,
            "1.6666666666666667": 66,
            "2.0": 82,
            "2.3333333333333335": 94,
            "2.6666666666666665": 85,
            "3.0": 70,
            "3.3333333333333335": 39,
            "3.6666666666666665": 17,
            "4.0": 18,
            "4.333333333333333": 8,
            "4.666666666666667": 2
        },
        "auto_scores": {
            "1.0": 279,
            "2.0": 138,
            "3.0": 62,
            "4.0": 35,
            "5.0": 14
        },
        "human_scores_entropy": 3.171314765302857,
        "auto_scores_entropy": 1.7534958868175496,
        "kl_divergence": 0.5274199841834257
    },
    "average": {
        "Pearson": 0.4801563889723745,
        "Spearman": 0.41303418922589014,
        "Kendall": 0.34813141007862886
    }
}