{
    "relevance": {
        "correlation": {
            "Pearson": 0.4966012902113878,
            "Spearman": 0.4145173986708264,
            "Kendall": 0.35390393926184227
        },
        "human_scores": {
            "1.0": 33,
            "1.3333333333333333": 43,
            "1.6666666666666667": 46,
            "2.0": 67,
            "2.3333333333333335": 67,
            "2.6666666666666665": 63,
            "3.0": 72,
            "3.3333333333333335": 40,
            "3.6666666666666665": 34,
            "4.0": 29,
            "4.333333333333333": 13,
            "4.666666666666667": 12,
            "5.0": 9
        },
        "auto_scores": {
            "1.0": 439,
            "2.0": 63,
            "3.0": 13,
            "4.0": 11,
            "5.0": 2
        },
        "human_scores_entropy": 3.487719256120766,
        "auto_scores_entropy": 0.8657881360490568,
        "kl_divergence": 1.3388782997882087
    },
    "coherence": {
        "correlation": {
            "Pearson": 0.5549672343558886,
            "Spearman": 0.4607688785746263,
            "Kendall": 0.40076519447309084
        },
        "human_scores": {
            "1.0": 3,
            "1.3333333333333333": 3,
            "1.6666666666666667": 17,
            "2.0": 22,
            "2.3333333333333335": 45,
            "2.6666666666666665": 96,
            "3.0": 101,
            "3.3333333333333335": 90,
            "3.6666666666666665": 70,
            "4.0": 36,
            "4.333333333333333": 16,
            "4.666666666666667": 18,
            "5.0": 11
        },
        "auto_scores": {
            "1.0": 392,
            "2.0": 102,
            "3.0": 15,
            "4.0": 17,
            "5.0": 2
        },
        "human_scores_entropy": 3.1629176500093727,
        "auto_scores_entropy": 1.1132504242644425,
        "kl_divergence": 2.12815098311786
    },
    "empathy": {
        "correlation": {
            "Pearson": 0.4208699127827667,
            "Spearman": 0.3516630206457829,
            "Kendall": 0.29811231225691315
        },
        "human_scores": {
            "1.0": 27,
            "1.3333333333333333": 44,
            "1.6666666666666667": 70,
            "2.0": 110,
            "2.3333333333333335": 96,
            "2.6666666666666665": 78,
            "3.0": 43,
            "3.3333333333333335": 37,
            "3.6666666666666665": 11,
            "4.0": 9,
            "4.333333333333333": 1,
            "4.666666666666667": 2
        },
        "auto_scores": {
            "1.0": 253,
            "2.0": 215,
            "3.0": 33,
            "4.0": 23,
            "5.0": 4
        },
        "human_scores_entropy": 3.0582646905871393,
        "auto_scores_entropy": 1.5366938012002438,
        "kl_divergence": 0.4220819688410884
    },
    "surprise": {
        "correlation": {
            "Pearson": 0.43251537170418286,
            "Spearman": 0.32426325615032364,
            "Kendall": 0.27516770803582286
        },
        "human_scores": {
            "1.0": 30,
            "1.3333333333333333": 56,
            "1.6666666666666667": 136,
            "2.0": 105,
            "2.3333333333333335": 70,
            "2.6666666666666665": 58,
            "3.0": 27,
            "3.3333333333333335": 22,
            "3.6666666666666665": 10,
            "4.0": 10,
            "4.333333333333333": 3,
            "4.666666666666667": 1
        },
        "auto_scores": {
            "1.0": 308,
            "2.0": 159,
            "3.0": 28,
            "4.0": 30,
            "5.0": 3
        },
        "human_scores_entropy": 2.9690059834865554,
        "auto_scores_entropy": 1.4771854306988434,
        "kl_divergence": 0.4453952510179431
    },
    "engagement": {
        "correlation": {
            "Pearson": 0.4467577012792212,
            "Spearman": 0.37262983700302527,
            "Kendall": 0.31817922072244714
        },
        "human_scores": {
            "1.0": 13,
            "1.3333333333333333": 25,
            "1.6666666666666667": 40,
            "2.0": 62,
            "2.3333333333333335": 95,
            "2.6666666666666665": 83,
            "3.0": 79,
            "3.3333333333333335": 51,
            "3.6666666666666665": 42,
            "4.0": 24,
            "4.333333333333333": 7,
            "4.666666666666667": 7
        },
        "auto_scores": {
            "1.0": 359,
            "2.0": 128,
            "3.0": 9,
            "4.0": 30,
            "5.0": 2
        },
        "human_scores_entropy": 3.243985513407171,
        "auto_scores_entropy": 1.2397149242377872,
        "kl_divergence": 1.4152179229578083
    },
    "complexity": {
        "correlation": {
            "Pearson": 0.5173877494544186,
            "Spearman": 0.4105376618462171,
            "Kendall": 0.3492395953909414
        },
        "human_scores": {
            "1.0": 24,
            "1.3333333333333333": 23,
            "1.6666666666666667": 66,
            "2.0": 82,
            "2.3333333333333335": 94,
            "2.6666666666666665": 85,
            "3.0": 70,
            "3.3333333333333335": 39,
            "3.6666666666666665": 17,
            "4.0": 18,
            "4.333333333333333": 8,
            "4.666666666666667": 2
        },
        "auto_scores": {
            "1.0": 300,
            "2.0": 163,
            "3.0": 31,
            "4.0": 31,
            "5.0": 3
        },
        "human_scores_entropy": 3.171314765302857,
        "auto_scores_entropy": 1.50953928027781,
        "kl_divergence": 0.7150468414017535
    },
    "average": {
        "Pearson": 0.4781832099646442,
        "Spearman": 0.3890633421484669,
        "Kendall": 0.33256132835684293
    }
}