{
    "coherence": {
        "correlation": {
            "Pearson": 0.5268284679294082,
            "Spearman": 0.5397391140088255,
            "Kendall": 0.464214405738988
        },
        "human_scores": {
            "1.0": 16,
            "1.3333333333": 17,
            "1.6666666667": 20,
            "2.0": 23,
            "2.3333333333": 33,
            "2.6666666667": 27,
            "3.0": 44
        },
        "auto_scores": {
            "1.0": 95,
            "2.0": 59,
            "3.0": 26
        },
        "human_scores_entropy": 2.7194680135207965,
        "auto_scores_entropy": 1.4172772331326908,
        "kl_divergence": 0.30930620722728136
    },
    "engagingness": {
        "correlation": {
            "Pearson": 0.6017136673967443,
            "Spearman": 0.6061293554925714,
            "Kendall": 0.5301363486568221
        },
        "human_scores": {
            "1.0": 18,
            "1.3333333333": 25,
            "1.6666666667": 26,
            "2.0": 27,
            "2.3333333333": 21,
            "2.6666666667": 27,
            "3.0": 36
        },
        "auto_scores": {
            "1.0": 101,
            "2.0": 78,
            "3.0": 1
        },
        "human_scores_entropy": 2.7780398825013264,
        "auto_scores_entropy": 1.032182358389749,
        "kl_divergence": 1.2244626346410796
    },
    "groundedness": {
        "correlation": {
            "Pearson": 0.5894419193664423,
            "Spearman": 0.5959580588520023,
            "Kendall": 0.5596753127511788
        },
        "human_scores": {
            "0.0": 70,
            "0.3333333333": 11,
            "0.6666666667": 25,
            "1.0": 74
        },
        "auto_scores": {
            "0.0": 113,
            "1.0": 67
        },
        "human_scores_entropy": 1.6990780252626285,
        "auto_scores_entropy": 0.9523631045875249,
        "kl_divergence": 0.06491257809103734
    },
    "naturalness": {
        "correlation": {
            "Pearson": 0.5405019583789211,
            "Spearman": 0.5555115990135135,
            "Kendall": 0.47787464395282947
        },
        "human_scores": {
            "1.0": 14,
            "1.3333333333": 14,
            "1.6666666667": 26,
            "2.0": 23,
            "2.3333333333": 34,
            "2.6666666667": 27,
            "3.0": 42
        },
        "auto_scores": {
            "1.0": 84,
            "2.0": 72,
            "3.0": 24
        },
        "human_scores_entropy": 2.710229060795087,
        "auto_scores_entropy": 1.4294732983598406,
        "kl_divergence": 0.2994831833848924
    },
    "average": {
        "Pearson": 0.564621503267879,
        "Spearman": 0.5743345318417282,
        "Kendall": 0.5079751777749546
    }
}