{
    "coherence": {
        "correlation": {
            "Pearson": 0.5134371366943933,
            "Spearman": 0.5204585691955459,
            "Kendall": 0.44921560955058926
        },
        "human_scores": {
            "1.0": 16,
            "1.3333333333": 17,
            "1.6666666667": 20,
            "2.0": 23,
            "2.3333333333": 33,
            "2.6666666667": 27,
            "3.0": 44
        },
        "auto_scores": {
            "1.0": 92,
            "2.0": 62,
            "3.0": 26
        },
        "human_scores_entropy": 2.7194680135207965,
        "auto_scores_entropy": 1.4277458525913422,
        "kl_divergence": 0.2942481341917661
    },
    "engagingness": {
        "correlation": {
            "Pearson": 0.6651995003848343,
            "Spearman": 0.684817153498313,
            "Kendall": 0.5920389842872794
        },
        "human_scores": {
            "1.0": 18,
            "1.3333333333": 25,
            "1.6666666667": 26,
            "2.0": 27,
            "2.3333333333": 21,
            "2.6666666667": 27,
            "3.0": 36
        },
        "auto_scores": {
            "1.0": 94,
            "2.0": 66,
            "3.0": 20
        },
        "human_scores_entropy": 2.7780398825013264,
        "auto_scores_entropy": 1.3724090639235464,
        "kl_divergence": 0.26179249918406233
    },
    "groundedness": {
        "correlation": {
            "Pearson": 0.5728485035839814,
            "Spearman": 0.650689234308886,
            "Kendall": 0.6017337589067364
        },
        "human_scores": {
            "0.0": 70,
            "0.3333333333": 11,
            "0.6666666667": 25,
            "1.0": 74
        },
        "auto_scores": {
            "0.0": 105,
            "1.0": 65,
            "2.0": 2,
            "3.0": 8
        },
        "human_scores_entropy": 1.6990780252626285,
        "auto_scores_entropy": 1.256021500764161,
        "kl_divergence": 0.114622881163136
    },
    "naturalness": {
        "correlation": {
            "Pearson": 0.5479123720935484,
            "Spearman": 0.558849925235925,
            "Kendall": 0.48196763762590744
        },
        "human_scores": {
            "1.0": 14,
            "1.3333333333": 14,
            "1.6666666667": 26,
            "2.0": 23,
            "2.3333333333": 34,
            "2.6666666667": 27,
            "3.0": 42
        },
        "auto_scores": {
            "1.0": 91,
            "2.0": 59,
            "3.0": 30
        },
        "human_scores_entropy": 2.710229060795087,
        "auto_scores_entropy": 1.455786596114755,
        "kl_divergence": 0.29331417882166116
    },
    "average": {
        "Pearson": 0.5748493781891894,
        "Spearman": 0.6037037205596675,
        "Kendall": 0.5312389975926282
    }
}