{
    "coherence": {
        "correlation": {
            "Pearson": 0.5499908094538818,
            "Spearman": 0.5549389504617132,
            "Kendall": 0.46763542857193935
        },
        "human_scores": {
            "1.0": 16,
            "1.3333333333": 17,
            "1.6666666667": 20,
            "2.0": 23,
            "2.3333333333": 33,
            "2.6666666667": 27,
            "3.0": 44
        },
        "auto_scores": {
            "1.0": 69,
            "2.0": 57,
            "3.0": 54
        },
        "human_scores_entropy": 2.7194680135207965,
        "auto_scores_entropy": 1.5767039660968347,
        "kl_divergence": 0.09419709081605311
    },
    "engagingness": {
        "correlation": {
            "Pearson": 0.620359536857712,
            "Spearman": 0.6194150539914727,
            "Kendall": 0.5288997149462348
        },
        "human_scores": {
            "1.0": 18,
            "1.3333333333": 25,
            "1.6666666667": 26,
            "2.0": 27,
            "2.3333333333": 21,
            "2.6666666667": 27,
            "3.0": 36
        },
        "auto_scores": {
            "1.0": 74,
            "2.0": 69,
            "3.0": 37
        },
        "human_scores_entropy": 2.7780398825013264,
        "auto_scores_entropy": 1.5266447013157465,
        "kl_divergence": 0.08535222661130924
    },
    "groundedness": {
        "correlation": {
            "Pearson": 0.5492075705524356,
            "Spearman": 0.6074406202995161,
            "Kendall": 0.5612446045825259
        },
        "human_scores": {
            "0.0": 70,
            "0.3333333333": 11,
            "0.6666666667": 25,
            "1.0": 74
        },
        "auto_scores": {
            "0.0": 97,
            "1.0": 70,
            "2.0": 4,
            "3.0": 9
        },
        "human_scores_entropy": 1.6990780252626285,
        "auto_scores_entropy": 1.34868264137812,
        "kl_divergence": 0.10952571372295225
    },
    "naturalness": {
        "correlation": {
            "Pearson": 0.5012976573013539,
            "Spearman": 0.5051429826342677,
            "Kendall": 0.4214655240481962
        },
        "human_scores": {
            "1.0": 14,
            "1.3333333333": 14,
            "1.6666666667": 26,
            "2.0": 23,
            "2.3333333333": 34,
            "2.6666666667": 27,
            "3.0": 42
        },
        "auto_scores": {
            "1.0": 57,
            "2.0": 68,
            "3.0": 55
        },
        "human_scores_entropy": 2.710229060795087,
        "auto_scores_entropy": 1.5785364949059546,
        "kl_divergence": 0.06826822632894165
    },
    "average": {
        "Pearson": 0.5552138935413458,
        "Spearman": 0.5717344018467425,
        "Kendall": 0.49481131803722406
    }
}