{
    "coherence": {
        "correlation": {
            "Pearson": 0.5700047443598066,
            "Spearman": 0.5701495884718076,
            "Kendall": 0.47941565213810283
        },
        "human_scores": {
            "1.0": 16,
            "1.3333333333": 17,
            "1.6666666667": 20,
            "2.0": 23,
            "2.3333333333": 33,
            "2.6666666667": 27,
            "3.0": 44
        },
        "auto_scores": {
            "1.0": 70,
            "2.0": 45,
            "3.0": 65
        },
        "human_scores_entropy": 2.7194680135207965,
        "auto_scores_entropy": 1.560535827619494,
        "kl_divergence": 0.11823647937402783
    },
    "engagingness": {
        "correlation": {
            "Pearson": 0.6483973054463834,
            "Spearman": 0.6523538831174126,
            "Kendall": 0.5587496211566757
        },
        "human_scores": {
            "1.0": 18,
            "1.3333333333": 25,
            "1.6666666667": 26,
            "2.0": 27,
            "2.3333333333": 21,
            "2.6666666667": 27,
            "3.0": 36
        },
        "auto_scores": {
            "1.0": 77,
            "2.0": 52,
            "3.0": 51
        },
        "human_scores_entropy": 2.7780398825013264,
        "auto_scores_entropy": 1.5570801995663943,
        "kl_divergence": 0.07982903587906534
    },
    "groundedness": {
        "correlation": {
            "Pearson": 0.5438383911234884,
            "Spearman": 0.6088778945137391,
            "Kendall": 0.5632763857455021
        },
        "human_scores": {
            "0.0": 70,
            "0.3333333333": 11,
            "0.6666666667": 25,
            "1.0": 74
        },
        "auto_scores": {
            "0.0": 97,
            "1.0": 69,
            "3.0": 14
        },
        "human_scores_entropy": 1.6990780252626285,
        "auto_scores_entropy": 1.2975047512260554,
        "kl_divergence": 0.11743951932160698
    },
    "naturalness": {
        "correlation": {
            "Pearson": 0.5003938918565848,
            "Spearman": 0.505911581184475,
            "Kendall": 0.42225337129144935
        },
        "human_scores": {
            "1.0": 14,
            "1.3333333333": 14,
            "1.6666666667": 26,
            "2.0": 23,
            "2.3333333333": 34,
            "2.6666666667": 27,
            "3.0": 42
        },
        "auto_scores": {
            "1.0": 57,
            "2.0": 63,
            "3.0": 60
        },
        "human_scores_entropy": 2.710229060795087,
        "auto_scores_entropy": 1.5837597534163632,
        "kl_divergence": 0.07013029425580389
    },
    "average": {
        "Pearson": 0.5656585831965658,
        "Spearman": 0.5843232368218586,
        "Kendall": 0.5059237575829325
    }
}