{
    "coherence": {
        "correlation": {
            "Pearson": 0.5192920020782118,
            "Spearman": 0.5296601770893207,
            "Kendall": 0.4539129325790722
        },
        "human_scores": {
            "1.0": 16,
            "1.3333333333": 17,
            "1.6666666667": 20,
            "2.0": 23,
            "2.3333333333": 33,
            "2.6666666667": 27,
            "3.0": 44
        },
        "auto_scores": {
            "1.0": 81,
            "2.0": 65,
            "3.0": 34
        },
        "human_scores_entropy": 2.7194680135207965,
        "auto_scores_entropy": 1.50321145920181,
        "kl_divergence": 0.1918272377560114
    },
    "engagingness": {
        "correlation": {
            "Pearson": 0.35127297039686617,
            "Spearman": 0.3671950245081364,
            "Kendall": 0.3185387467422322
        },
        "human_scores": {
            "1.0": 18,
            "1.3333333333": 25,
            "1.6666666667": 26,
            "2.0": 27,
            "2.3333333333": 21,
            "2.6666666667": 27,
            "3.0": 36
        },
        "auto_scores": {
            "1.0": 45,
            "2.0": 110,
            "3.0": 25
        },
        "human_scores_entropy": 2.7780398825013264,
        "auto_scores_entropy": 1.3297455265134746,
        "kl_divergence": 0.14965943632855047
    },
    "groundedness": {
        "correlation": {
            "Pearson": 0.5482755597926701,
            "Spearman": 0.6165941170976635,
            "Kendall": 0.568804327754442
        },
        "human_scores": {
            "0.0": 70,
            "0.3333333333": 11,
            "0.6666666667": 25,
            "1.0": 74
        },
        "auto_scores": {
            "0.0": 101,
            "1.0": 66,
            "2.0": 1,
            "3.0": 12
        },
        "human_scores_entropy": 1.6990780252626285,
        "auto_scores_entropy": 1.3005813094172134,
        "kl_divergence": 0.12370369648352124
    },
    "naturalness": {
        "correlation": {
            "Pearson": 0.5189620249389799,
            "Spearman": 0.5317917972225722,
            "Kendall": 0.4467899004117371
        },
        "human_scores": {
            "1.0": 14,
            "1.3333333333": 14,
            "1.6666666667": 26,
            "2.0": 23,
            "2.3333333333": 34,
            "2.6666666667": 27,
            "3.0": 42
        },
        "auto_scores": {
            "1.0": 81,
            "2.0": 64,
            "3.0": 35
        },
        "human_scores_entropy": 2.710229060795087,
        "auto_scores_entropy": 1.5082266750700726,
        "kl_divergence": 0.21482198364879804
    },
    "average": {
        "Pearson": 0.484450639301682,
        "Spearman": 0.5113102789794232,
        "Kendall": 0.44701147687187087
    }
}