{
    "coherence": {
        "correlation": {
            "Pearson": 0.5342791650480593,
            "Spearman": 0.5378386940811037,
            "Kendall": 0.4699372967148778
        },
        "human_scores": {
            "1.0": 16,
            "1.3333333333": 17,
            "1.6666666667": 20,
            "2.0": 23,
            "2.3333333333": 33,
            "2.6666666667": 27,
            "3.0": 44
        },
        "auto_scores": {
            "1.0": 98,
            "2.0": 65,
            "3.0": 17
        },
        "human_scores_entropy": 2.7194680135207965,
        "auto_scores_entropy": 1.3297289803774763,
        "kl_divergence": 0.4303069329105544
    },
    "engagingness": {
        "correlation": {
            "Pearson": 0.6294967542082802,
            "Spearman": 0.6397648842403456,
            "Kendall": 0.5482151821997272
        },
        "human_scores": {
            "1.0": 18,
            "1.3333333333": 25,
            "1.6666666667": 26,
            "2.0": 27,
            "2.3333333333": 21,
            "2.6666666667": 27,
            "3.0": 36
        },
        "auto_scores": {
            "1.0": 86,
            "2.0": 78,
            "3.0": 16
        },
        "human_scores_entropy": 2.7780398825013264,
        "auto_scores_entropy": 1.342296752020587,
        "kl_divergence": 0.29246351788645253
    },
    "groundedness": {
        "correlation": {
            "Pearson": 0.5771937131109225,
            "Spearman": 0.5815906334609531,
            "Kendall": 0.5461825959740044
        },
        "human_scores": {
            "0.0": 70,
            "0.3333333333": 11,
            "0.6666666667": 25,
            "1.0": 74
        },
        "auto_scores": {
            "0.0": 121,
            "1.0": 59
        },
        "human_scores_entropy": 1.6990780252626285,
        "auto_scores_entropy": 0.9126398095375938,
        "kl_divergence": 0.10406669750994285
    },
    "naturalness": {
        "correlation": {
            "Pearson": 0.4760907451811777,
            "Spearman": 0.4974781955031096,
            "Kendall": 0.43080484886642223
        },
        "human_scores": {
            "1.0": 14,
            "1.3333333333": 14,
            "1.6666666667": 26,
            "2.0": 23,
            "2.3333333333": 34,
            "2.6666666667": 27,
            "3.0": 42
        },
        "auto_scores": {
            "1.0": 105,
            "2.0": 62,
            "3.0": 13
        },
        "human_scores_entropy": 2.710229060795087,
        "auto_scores_entropy": 1.2570660578032116,
        "kl_divergence": 0.5687460895624166
    },
    "average": {
        "Pearson": 0.5542650943871099,
        "Spearman": 0.564168101821378,
        "Kendall": 0.4987849809387579
    }
}