{
    "coherence": {
        "correlation": {
            "Pearson": 0.5267536570301965,
            "Spearman": 0.5420823256759102,
            "Kendall": 0.4666717754045458
        },
        "human_scores": {
            "1.0": 16,
            "1.3333333333": 17,
            "1.6666666667": 20,
            "2.0": 23,
            "2.3333333333": 33,
            "2.6666666667": 27,
            "3.0": 44
        },
        "auto_scores": {
            "1.0": 87,
            "2.0": 76,
            "3.0": 17
        },
        "human_scores_entropy": 2.7194680135207965,
        "auto_scores_entropy": 1.3537117437640767,
        "kl_divergence": 0.38612169697074805
    },
    "engagingness": {
        "correlation": {
            "Pearson": 0.6304513707062283,
            "Spearman": 0.6363731562356834,
            "Kendall": 0.538109868311522
        },
        "human_scores": {
            "1.0": 18,
            "1.3333333333": 25,
            "1.6666666667": 26,
            "2.0": 27,
            "2.3333333333": 21,
            "2.6666666667": 27,
            "3.0": 36
        },
        "auto_scores": {
            "1.0": 87,
            "2.0": 55,
            "3.0": 38
        },
        "human_scores_entropy": 2.7780398825013264,
        "auto_scores_entropy": 1.5033413524766086,
        "kl_divergence": 0.13058487090270016
    },
    "groundedness": {
        "correlation": {
            "Pearson": 0.5932434943687961,
            "Spearman": 0.6016075573220634,
            "Kendall": 0.5649808619859847
        },
        "human_scores": {
            "0.0": 70,
            "0.3333333333": 11,
            "0.6666666667": 25,
            "1.0": 74
        },
        "auto_scores": {
            "0.0": 111,
            "1.0": 69
        },
        "human_scores_entropy": 1.6990780252626285,
        "auto_scores_entropy": 0.9603622703154779,
        "kl_divergence": 0.05677086905757886
    },
    "naturalness": {
        "correlation": {
            "Pearson": 0.5631387617281356,
            "Spearman": 0.5735244223511662,
            "Kendall": 0.4971804975159299
        },
        "human_scores": {
            "1.0": 14,
            "1.3333333333": 14,
            "1.6666666667": 26,
            "2.0": 23,
            "2.3333333333": 34,
            "2.6666666667": 27,
            "3.0": 42
        },
        "auto_scores": {
            "1.0": 95,
            "2.0": 54,
            "3.0": 31
        },
        "human_scores_entropy": 2.710229060795087,
        "auto_scores_entropy": 1.4447403544948942,
        "kl_divergence": 0.3148861089450513
    },
    "average": {
        "Pearson": 0.5783968209583391,
        "Spearman": 0.5883968653962057,
        "Kendall": 0.5167357508044956
    }
}