{
    "coherence": {
        "correlation": {
            "Pearson": 0.5370004467376567,
            "Spearman": 0.5362210951556206,
            "Kendall": 0.4600606568777034
        },
        "human_scores": {
            "1.0": 16,
            "1.3333333333": 17,
            "1.6666666667": 20,
            "2.0": 23,
            "2.3333333333": 33,
            "2.6666666667": 27,
            "3.0": 44
        },
        "auto_scores": {
            "1.0": 70,
            "2.0": 67,
            "3.0": 43
        },
        "human_scores_entropy": 2.7194680135207965,
        "auto_scores_entropy": 1.5540354774462934,
        "kl_divergence": 0.1131586910250177
    },
    "engagingness": {
        "correlation": {
            "Pearson": 0.6027882759800043,
            "Spearman": 0.6013507179416643,
            "Kendall": 0.5143620351837439
        },
        "human_scores": {
            "1.0": 18,
            "1.3333333333": 25,
            "1.6666666667": 26,
            "2.0": 27,
            "2.3333333333": 21,
            "2.6666666667": 27,
            "3.0": 36
        },
        "auto_scores": {
            "1.0": 59,
            "2.0": 85,
            "3.0": 36
        },
        "human_scores_entropy": 2.7780398825013264,
        "auto_scores_entropy": 1.503011598907583,
        "kl_divergence": 0.06332174135352231
    },
    "groundedness": {
        "correlation": {
            "Pearson": 0.6224652175461228,
            "Spearman": 0.6494000385123657,
            "Kendall": 0.608889134563862
        },
        "human_scores": {
            "0.0": 70,
            "0.3333333333": 11,
            "0.6666666667": 25,
            "1.0": 74
        },
        "auto_scores": {
            "0.0": 104,
            "1.0": 75,
            "3.0": 1
        },
        "human_scores_entropy": 1.6990780252626285,
        "auto_scores_entropy": 1.0251468048082046,
        "kl_divergence": 0.040223670118033586
    },
    "naturalness": {
        "correlation": {
            "Pearson": 0.5117976284855602,
            "Spearman": 0.5203350463147887,
            "Kendall": 0.4339784440923149
        },
        "human_scores": {
            "1.0": 14,
            "1.3333333333": 14,
            "1.6666666667": 26,
            "2.0": 23,
            "2.3333333333": 34,
            "2.6666666667": 27,
            "3.0": 42
        },
        "auto_scores": {
            "1.0": 59,
            "2.0": 65,
            "3.0": 56
        },
        "human_scores_entropy": 2.710229060795087,
        "auto_scores_entropy": 1.5821768552495412,
        "kl_divergence": 0.07680215032117181
    },
    "average": {
        "Pearson": 0.568512892187336,
        "Spearman": 0.5768267244811098,
        "Kendall": 0.5043225676794061
    }
}