{
    "coherence": {
        "correlation": {
            "Pearson": 0.4898598073067802,
            "Spearman": 0.4827034199019119,
            "Kendall": 0.41440508786936536
        },
        "human_scores": {
            "1.0": 16,
            "1.3333333333": 17,
            "1.6666666667": 20,
            "2.0": 23,
            "2.3333333333": 33,
            "2.6666666667": 27,
            "3.0": 44
        },
        "auto_scores": {
            "1.0": 78,
            "2.0": 63,
            "3.0": 39
        },
        "human_scores_entropy": 2.7194680135207965,
        "auto_scores_entropy": 1.5309603475109093,
        "kl_divergence": 0.15782359610205832
    },
    "engagingness": {
        "correlation": {
            "Pearson": 0.6849419074600406,
            "Spearman": 0.691611602767519,
            "Kendall": 0.5934323901797506
        },
        "human_scores": {
            "1.0": 18,
            "1.3333333333": 25,
            "1.6666666667": 26,
            "2.0": 27,
            "2.3333333333": 21,
            "2.6666666667": 27,
            "3.0": 36
        },
        "auto_scores": {
            "1.0": 73,
            "2.0": 69,
            "3.0": 38
        },
        "human_scores_entropy": 2.7780398825013264,
        "auto_scores_entropy": 1.532038508403057,
        "kl_divergence": 0.0792685792347665
    },
    "groundedness": {
        "correlation": {
            "Pearson": 0.6404545430955684,
            "Spearman": 0.6688093759500504,
            "Kendall": 0.62689255275045
        },
        "human_scores": {
            "0.0": 70,
            "0.3333333333": 11,
            "0.6666666667": 25,
            "1.0": 74
        },
        "auto_scores": {
            "0.0": 103,
            "1.0": 76,
            "3.0": 1
        },
        "human_scores_entropy": 1.6990780252626285,
        "auto_scores_entropy": 1.0276750667653192,
        "kl_divergence": 0.037286655315803816
    },
    "naturalness": {
        "correlation": {
            "Pearson": 0.4973577573332229,
            "Spearman": 0.50557151081556,
            "Kendall": 0.4201314492666223
        },
        "human_scores": {
            "1.0": 14,
            "1.3333333333": 14,
            "1.6666666667": 26,
            "2.0": 23,
            "2.3333333333": 34,
            "2.6666666667": 27,
            "3.0": 42
        },
        "auto_scores": {
            "1.0": 54,
            "2.0": 75,
            "3.0": 51
        },
        "human_scores_entropy": 2.710229060795087,
        "auto_scores_entropy": 1.5628585444154268,
        "kl_divergence": 0.060443389799679545
    },
    "average": {
        "Pearson": 0.5781535037989031,
        "Spearman": 0.5871739773587603,
        "Kendall": 0.513715370016547
    }
}