{
    "coherence": {
        "correlation": {
            "Pearson": 0.509440667594835,
            "Spearman": 0.5076232563058313,
            "Kendall": 0.432329419412925
        },
        "human_scores": {
            "1.0": 16,
            "1.3333333333": 17,
            "1.6666666667": 20,
            "2.0": 23,
            "2.3333333333": 33,
            "2.6666666667": 27,
            "3.0": 44
        },
        "auto_scores": {
            "1.0": 77,
            "2.0": 51,
            "3.0": 52
        },
        "human_scores_entropy": 2.7194680135207965,
        "auto_scores_entropy": 1.557080199566394,
        "kl_divergence": 0.13593402018103742
    },
    "engagingness": {
        "correlation": {
            "Pearson": 0.6615517805949848,
            "Spearman": 0.6619688735266875,
            "Kendall": 0.5686638165643755
        },
        "human_scores": {
            "1.0": 18,
            "1.3333333333": 25,
            "1.6666666667": 26,
            "2.0": 27,
            "2.3333333333": 21,
            "2.6666666667": 27,
            "3.0": 36
        },
        "auto_scores": {
            "1.0": 68,
            "2.0": 70,
            "3.0": 42
        },
        "human_scores_entropy": 2.7780398825013264,
        "auto_scores_entropy": 1.5503274510636822,
        "kl_divergence": 0.05527358026956079
    },
    "groundedness": {
        "correlation": {
            "Pearson": 0.6471611349114107,
            "Spearman": 0.6490748118098209,
            "Kendall": 0.6095582447502185
        },
        "human_scores": {
            "0.0": 70,
            "0.3333333333": 11,
            "0.6666666667": 25,
            "1.0": 74
        },
        "auto_scores": {
            "0.0": 96,
            "1.0": 84
        },
        "human_scores_entropy": 1.6990780252626285,
        "auto_scores_entropy": 0.9967916319816366,
        "kl_divergence": 0.01391211165227313
    },
    "naturalness": {
        "correlation": {
            "Pearson": 0.4274231327444648,
            "Spearman": 0.43635710468826094,
            "Kendall": 0.35986433339819185
        },
        "human_scores": {
            "1.0": 14,
            "1.3333333333": 14,
            "1.6666666667": 26,
            "2.0": 23,
            "2.3333333333": 34,
            "2.6666666667": 27,
            "3.0": 42
        },
        "auto_scores": {
            "1.0": 62,
            "2.0": 64,
            "3.0": 54
        },
        "human_scores_entropy": 2.710229060795087,
        "auto_scores_entropy": 1.581163672102933,
        "kl_divergence": 0.09017715353435546
    },
    "average": {
        "Pearson": 0.5613941789614239,
        "Spearman": 0.5637560115826501,
        "Kendall": 0.4926039535314278
    }
}