{
    "coherence": {
        "correlation": {
            "Pearson": 0.49092690358942953,
            "Spearman": 0.490286748579353,
            "Kendall": 0.42300141290058024
        },
        "human_scores": {
            "1.0": 16,
            "1.3333333333": 17,
            "1.6666666667": 20,
            "2.0": 23,
            "2.3333333333": 33,
            "2.6666666667": 27,
            "3.0": 44
        },
        "auto_scores": {
            "1.0": 80,
            "2.0": 84,
            "3.0": 16
        },
        "human_scores_entropy": 2.7194680135207965,
        "auto_scores_entropy": 1.3434702568607586,
        "kl_divergence": 0.3831555540263
    },
    "engagingness": {
        "correlation": {
            "Pearson": 0.6662322530587396,
            "Spearman": 0.665926964395984,
            "Kendall": 0.5758463593289644
        },
        "human_scores": {
            "1.0": 18,
            "1.3333333333": 25,
            "1.6666666667": 26,
            "2.0": 27,
            "2.3333333333": 21,
            "2.6666666667": 27,
            "3.0": 36
        },
        "auto_scores": {
            "1.0": 62,
            "2.0": 85,
            "3.0": 33
        },
        "human_scores_entropy": 2.7780398825013264,
        "auto_scores_entropy": 1.489500836582342,
        "kl_divergence": 0.08192756513882055
    },
    "groundedness": {
        "correlation": {
            "Pearson": 0.553921904463826,
            "Spearman": 0.5632514149637657,
            "Kendall": 0.528075011773925
        },
        "human_scores": {
            "0.0": 70,
            "0.3333333333": 11,
            "0.6666666667": 25,
            "1.0": 74
        },
        "auto_scores": {
            "0.0": 117,
            "1.0": 62,
            "2.0": 1
        },
        "human_scores_entropy": 1.6990780252626285,
        "auto_scores_entropy": 0.9752261883560936,
        "kl_divergence": 0.09191585474283134
    },
    "naturalness": {
        "correlation": {
            "Pearson": 0.4771653432198524,
            "Spearman": 0.5014282407362983,
            "Kendall": 0.4298036918255608
        },
        "human_scores": {
            "1.0": 14,
            "1.3333333333": 14,
            "1.6666666667": 26,
            "2.0": 23,
            "2.3333333333": 34,
            "2.6666666667": 27,
            "3.0": 42
        },
        "auto_scores": {
            "1.0": 91,
            "2.0": 67,
            "3.0": 22
        },
        "human_scores_entropy": 2.710229060795087,
        "auto_scores_entropy": 1.3988265206142712,
        "kl_divergence": 0.3535742370866026
    },
    "average": {
        "Pearson": 0.5470616010829619,
        "Spearman": 0.5552233421688503,
        "Kendall": 0.4891816189572576
    }
}