{
    "coherence": {
        "correlation": {
            "Pearson": 0.5186798204610926,
            "Spearman": 0.5358633736890036,
            "Kendall": 0.4633844675142216
        },
        "human_scores": {
            "1.0": 16,
            "1.3333333333": 17,
            "1.6666666667": 20,
            "2.0": 23,
            "2.3333333333": 33,
            "2.6666666667": 27,
            "3.0": 44
        },
        "auto_scores": {
            "1.0": 102,
            "2.0": 61,
            "3.0": 17
        },
        "human_scores_entropy": 2.7194680135207965,
        "auto_scores_entropy": 1.3149129253647613,
        "kl_divergence": 0.4497893928696915
    },
    "engagingness": {
        "correlation": {
            "Pearson": 0.6290255548435102,
            "Spearman": 0.6355612617036444,
            "Kendall": 0.5521552044731375
        },
        "human_scores": {
            "1.0": 18,
            "1.3333333333": 25,
            "1.6666666667": 26,
            "2.0": 27,
            "2.3333333333": 21,
            "2.6666666667": 27,
            "3.0": 36
        },
        "auto_scores": {
            "1.0": 76,
            "2.0": 92,
            "3.0": 12
        },
        "human_scores_entropy": 2.7780398825013264,
        "auto_scores_entropy": 1.2805767575096105,
        "kl_divergence": 0.35481612424451703
    },
    "groundedness": {
        "correlation": {
            "Pearson": 0.5739032572856707,
            "Spearman": 0.5792936770656094,
            "Kendall": 0.5440254814424613
        },
        "human_scores": {
            "0.0": 70,
            "0.3333333333": 11,
            "0.6666666667": 25,
            "1.0": 74
        },
        "auto_scores": {
            "0.0": 124,
            "1.0": 56
        },
        "human_scores_entropy": 1.6990780252626285,
        "auto_scores_entropy": 0.8944518845341283,
        "kl_divergence": 0.12174790275002326
    },
    "naturalness": {
        "correlation": {
            "Pearson": 0.5388949431346352,
            "Spearman": 0.5769414438310243,
            "Kendall": 0.49928851522967316
        },
        "human_scores": {
            "1.0": 14,
            "1.3333333333": 14,
            "1.6666666667": 26,
            "2.0": 23,
            "2.3333333333": 34,
            "2.6666666667": 27,
            "3.0": 42
        },
        "auto_scores": {
            "1.0": 109,
            "2.0": 64,
            "3.0": 7
        },
        "human_scores_entropy": 2.710229060795087,
        "auto_scores_entropy": 1.1508332304680737,
        "kl_divergence": 0.7855889369063824
    },
    "average": {
        "Pearson": 0.5651258939312271,
        "Spearman": 0.5819149390723204,
        "Kendall": 0.5147134171648734
    }
}