{
    "coherence": {
        "correlation": {
            "Pearson": 0.4966166383798766,
            "Spearman": 0.5032300210361127,
            "Kendall": 0.4362285522250342
        },
        "human_scores": {
            "1.0": 16,
            "1.3333333333": 17,
            "1.6666666667": 20,
            "2.0": 23,
            "2.3333333333": 33,
            "2.6666666667": 27,
            "3.0": 44
        },
        "auto_scores": {
            "1.0": 85,
            "2.0": 78,
            "3.0": 17
        },
        "human_scores_entropy": 2.7194680135207965,
        "auto_scores_entropy": 1.3554838133062537,
        "kl_divergence": 0.37941802744170927
    },
    "engagingness": {
        "correlation": {
            "Pearson": 0.578997499746546,
            "Spearman": 0.5832684594792766,
            "Kendall": 0.5074193857285165
        },
        "human_scores": {
            "1.0": 18,
            "1.3333333333": 25,
            "1.6666666667": 26,
            "2.0": 27,
            "2.3333333333": 21,
            "2.6666666667": 27,
            "3.0": 36
        },
        "auto_scores": {
            "1.0": 85,
            "2.0": 88,
            "3.0": 7
        },
        "human_scores_entropy": 2.7780398825013264,
        "auto_scores_entropy": 1.1980770048508411,
        "kl_divergence": 0.5350035663535705
    },
    "groundedness": {
        "correlation": {
            "Pearson": 0.4537039040774311,
            "Spearman": 0.4874277929592441,
            "Kendall": 0.4449511301875673
        },
        "human_scores": {
            "0.0": 70,
            "0.3333333333": 11,
            "0.6666666667": 25,
            "1.0": 74
        },
        "auto_scores": {
            "0.0": 102,
            "1.0": 68,
            "2.0": 10
        },
        "human_scores_entropy": 1.6990780252626285,
        "auto_scores_entropy": 1.2265523239130678,
        "kl_divergence": 0.10285103335184134
    },
    "naturalness": {
        "correlation": {
            "Pearson": 0.5242133922034096,
            "Spearman": 0.5497282812110794,
            "Kendall": 0.47575789441645083
        },
        "human_scores": {
            "1.0": 14,
            "1.3333333333": 14,
            "1.6666666667": 26,
            "2.0": 23,
            "2.3333333333": 34,
            "2.6666666667": 27,
            "3.0": 42
        },
        "auto_scores": {
            "1.0": 97,
            "2.0": 72,
            "3.0": 11
        },
        "human_scores_entropy": 2.710229060795087,
        "auto_scores_entropy": 1.2558536874351849,
        "kl_divergence": 0.5761604247206631
    },
    "average": {
        "Pearson": 0.5133828586018159,
        "Spearman": 0.5309136386714283,
        "Kendall": 0.4660892406393922
    }
}