{
    "coherence": {
        "correlation": {
            "Pearson": 0.5550005812956025,
            "Spearman": 0.5600350116436955,
            "Kendall": 0.46861649021644547
        },
        "human_scores": {
            "1.0": 16,
            "1.3333333333": 17,
            "1.6666666667": 20,
            "2.0": 23,
            "2.3333333333": 33,
            "2.6666666667": 27,
            "3.0": 44
        },
        "auto_scores": {
            "1.0": 86,
            "12.0": 2,
            "15.0": 8,
            "25.0": 36,
            "30.0": 2,
            "35.0": 6,
            "40.0": 4,
            "45.0": 10,
            "50.0": 26
        },
        "human_scores_entropy": 2.7194680135207965,
        "auto_scores_entropy": 2.237872220878716,
        "kl_divergence": -0.1756039513776217
    },
    "engagingness": {
        "correlation": {
            "Pearson": 0.6626934054448614,
            "Spearman": 0.6650299490638664,
            "Kendall": 0.5397473833819149
        },
        "human_scores": {
            "1.0": 18,
            "1.3333333333": 25,
            "1.6666666667": 26,
            "2.0": 27,
            "2.3333333333": 21,
            "2.6666666667": 27,
            "3.0": 36
        },
        "auto_scores": {
            "1.0": 80,
            "10.0": 3,
            "15.0": 12,
            "20.0": 5,
            "25.0": 29,
            "28.0": 3,
            "30.0": 8,
            "35.0": 15,
            "40.0": 11,
            "45.0": 14
        },
        "human_scores_entropy": 2.7780398825013264,
        "auto_scores_entropy": 2.5766601097460593,
        "kl_divergence": -0.1483085573119651
    },
    "groundedness": {
        "correlation": {
            "Pearson": 0.6401719714873144,
            "Spearman": 0.654772198130717,
            "Kendall": 0.5757665542630473
        },
        "human_scores": {
            "0.0": 70,
            "0.3333333333": 11,
            "0.6666666667": 25,
            "1.0": 74
        },
        "auto_scores": {
            "0.0": 103,
            "20.0": 11,
            "25.0": 11,
            "30.0": 22,
            "40.0": 8,
            "45.0": 4,
            "50.0": 21
        },
        "human_scores_entropy": 1.6990780252626285,
        "auto_scores_entropy": 2.007613033005972,
        "kl_divergence": -0.10812592510073861
    },
    "naturalness": {
        "correlation": {
            "Pearson": 0.5748231536607767,
            "Spearman": 0.5817322458270086,
            "Kendall": 0.4674704702868618
        },
        "human_scores": {
            "1.0": 14,
            "1.3333333333": 14,
            "1.6666666667": 26,
            "2.0": 23,
            "2.3333333333": 34,
            "2.6666666667": 27,
            "3.0": 42
        },
        "auto_scores": {
            "1.0": 76,
            "10.0": 1,
            "15.0": 16,
            "20.0": 6,
            "25.0": 20,
            "28.0": 3,
            "30.0": 13,
            "35.0": 10,
            "40.0": 1,
            "45.0": 8,
            "48.0": 23,
            "50.0": 3
        },
        "human_scores_entropy": 2.710229060795087,
        "auto_scores_entropy": 2.71592240076227,
        "kl_divergence": -0.15532670690617537
    },
    "average": {
        "Pearson": 0.6081722779721388,
        "Spearman": 0.6153923511663218,
        "Kendall": 0.5129002245370674
    }
}