{
    "coherence": {
        "correlation": {
            "Pearson": 0.5348704911052574,
            "Spearman": 0.5318416931845917,
            "Kendall": 0.4407540601174685
        },
        "human_scores": {
            "1.0": 16,
            "1.3333333333": 17,
            "1.6666666667": 20,
            "2.0": 23,
            "2.3333333333": 33,
            "2.6666666667": 27,
            "3.0": 44
        },
        "auto_scores": {
            "1.0": 85,
            "12.0": 2,
            "16.0": 1,
            "20.0": 6,
            "30.0": 10,
            "40.0": 3,
            "50.0": 16,
            "60.0": 1,
            "70.0": 4,
            "75.0": 5,
            "85.0": 13,
            "95.0": 1,
            "100.0": 33
        },
        "human_scores_entropy": 2.7194680135207965,
        "auto_scores_entropy": 2.500394564239849,
        "kl_divergence": -0.17345967742103663
    },
    "engagingness": {
        "correlation": {
            "Pearson": 0.6780282905092977,
            "Spearman": 0.6671964959496495,
            "Kendall": 0.5290989201255778
        },
        "human_scores": {
            "1.0": 18,
            "1.3333333333": 25,
            "1.6666666667": 26,
            "2.0": 27,
            "2.3333333333": 21,
            "2.6666666667": 27,
            "3.0": 36
        },
        "auto_scores": {
            "1.0": 67,
            "10.0": 3,
            "12.0": 3,
            "15.0": 2,
            "20.0": 12,
            "30.0": 25,
            "40.0": 3,
            "50.0": 10,
            "60.0": 13,
            "70.0": 2,
            "75.0": 21,
            "85.0": 18,
            "95.0": 1
        },
        "human_scores_entropy": 2.7780398825013264,
        "auto_scores_entropy": 2.867236950722971,
        "kl_divergence": -0.10594543143882422
    },
    "groundedness": {
        "correlation": {
            "Pearson": 0.6493927819792966,
            "Spearman": 0.6624665082799029,
            "Kendall": 0.5854171958871507
        },
        "human_scores": {
            "0.0": 70,
            "0.3333333333": 11,
            "0.6666666667": 25,
            "1.0": 74
        },
        "auto_scores": {
            "0.0": 102,
            "20.0": 6,
            "30.0": 6,
            "40.0": 1,
            "50.0": 6,
            "60.0": 11,
            "70.0": 12,
            "80.0": 3,
            "85.0": 6,
            "100.0": 27
        },
        "human_scores_entropy": 1.6990780252626285,
        "auto_scores_entropy": 2.176094025370555,
        "kl_divergence": -0.10373564637532451
    },
    "naturalness": {
        "correlation": {
            "Pearson": 0.5634400177689864,
            "Spearman": 0.5497757928311889,
            "Kendall": 0.4351073514076277
        },
        "human_scores": {
            "1.0": 14,
            "1.3333333333": 14,
            "1.6666666667": 26,
            "2.0": 23,
            "2.3333333333": 34,
            "2.6666666667": 27,
            "3.0": 42
        },
        "auto_scores": {
            "1.0": 55,
            "10.0": 1,
            "12.0": 8,
            "15.0": 1,
            "20.0": 20,
            "30.0": 16,
            "40.0": 6,
            "60.0": 24,
            "70.0": 6,
            "75.0": 5,
            "85.0": 10,
            "95.0": 23,
            "97.0": 1,
            "100.0": 4
        },
        "human_scores_entropy": 2.710229060795087,
        "auto_scores_entropy": 3.1010595264397476,
        "kl_divergence": -0.10502001612001934
    },
    "average": {
        "Pearson": 0.6064328953407095,
        "Spearman": 0.6028201225613333,
        "Kendall": 0.49759438188445615
    }
}