{
    "coherence": {
        "correlation": {
            "Pearson": 0.5381987490554745,
            "Spearman": 0.5481600893045555,
            "Kendall": 0.46878006683183693
        },
        "human_scores": {
            "1.0": 16,
            "1.3333333333": 17,
            "1.6666666667": 20,
            "2.0": 23,
            "2.3333333333": 33,
            "2.6666666667": 27,
            "3.0": 44
        },
        "auto_scores": {
            "1.0": 93,
            "2.0": 4,
            "3.0": 47,
            "4.0": 9,
            "5.0": 27
        },
        "human_scores_entropy": 2.7194680135207965,
        "auto_scores_entropy": 1.746749023922506,
        "kl_divergence": 1.2159784456639173
    },
    "engagingness": {
        "correlation": {
            "Pearson": 0.6518524365523225,
            "Spearman": 0.6561324514034593,
            "Kendall": 0.5440580723377022
        },
        "human_scores": {
            "1.0": 18,
            "1.3333333333": 25,
            "1.6666666667": 26,
            "2.0": 27,
            "2.3333333333": 21,
            "2.6666666667": 27,
            "3.0": 36
        },
        "auto_scores": {
            "1.0": 77,
            "2.0": 28,
            "3.0": 44,
            "4.0": 22,
            "5.0": 9
        },
        "human_scores_entropy": 2.7780398825013264,
        "auto_scores_entropy": 2.025184689139882,
        "kl_divergence": 0.38599553225041305
    },
    "groundedness": {
        "correlation": {
            "Pearson": 0.6177765033072573,
            "Spearman": 0.6331901084444775,
            "Kendall": 0.5587392398555101
        },
        "human_scores": {
            "0.0": 70,
            "0.3333333333": 11,
            "0.6666666667": 25,
            "1.0": 74
        },
        "auto_scores": {
            "0.0": 101,
            "1.0": 3,
            "2.0": 17,
            "3.0": 22,
            "4.0": 14,
            "5.0": 23
        },
        "human_scores_entropy": 1.6990780252626285,
        "auto_scores_entropy": 1.9242225126102923,
        "kl_divergence": 1.823777045830595
    },
    "naturalness": {
        "correlation": {
            "Pearson": 0.5350473045446084,
            "Spearman": 0.5471383671555963,
            "Kendall": 0.45193325044765603
        },
        "human_scores": {
            "1.0": 14,
            "1.3333333333": 14,
            "1.6666666667": 26,
            "2.0": 23,
            "2.3333333333": 34,
            "2.6666666667": 27,
            "3.0": 42
        },
        "auto_scores": {
            "1.0": 78,
            "2.0": 37,
            "3.0": 32,
            "4.0": 11,
            "5.0": 22
        },
        "human_scores_entropy": 2.710229060795087,
        "auto_scores_entropy": 2.0520064795821344,
        "kl_divergence": 0.5077168575515217
    },
    "average": {
        "Pearson": 0.5857187483649157,
        "Spearman": 0.5961552540770222,
        "Kendall": 0.5058776573681762
    }
}