{
    "coherence": {
        "correlation": {
            "Pearson": 0.5719392584628961,
            "Spearman": 0.5816404153369064,
            "Kendall": 0.47120212104815695
        },
        "human_scores": {
            "1.0": 16,
            "1.3333333333": 17,
            "1.6666666667": 20,
            "2.0": 23,
            "2.3333333333": 33,
            "2.6666666667": 27,
            "3.0": 44
        },
        "auto_scores": {
            "1.0": 67,
            "2.0": 10,
            "3.0": 18,
            "4.0": 1,
            "5.0": 12,
            "6.0": 13,
            "7.0": 13,
            "8.0": 17,
            "9.0": 2,
            "10.0": 27
        },
        "human_scores_entropy": 2.7194680135207965,
        "auto_scores_entropy": 2.7484879836880207,
        "kl_divergence": 1.2677946463445076
    },
    "engagingness": {
        "correlation": {
            "Pearson": 0.6884150717458047,
            "Spearman": 0.6657150757444841,
            "Kendall": 0.5341701028404238
        },
        "human_scores": {
            "1.0": 18,
            "1.3333333333": 25,
            "1.6666666667": 26,
            "2.0": 27,
            "2.3333333333": 21,
            "2.6666666667": 27,
            "3.0": 36
        },
        "auto_scores": {
            "1.0": 43,
            "2.0": 28,
            "3.0": 26,
            "4.0": 2,
            "5.0": 18,
            "6.0": 11,
            "7.0": 21,
            "8.0": 25,
            "9.0": 4,
            "10.0": 2
        },
        "human_scores_entropy": 2.7780398825013264,
        "auto_scores_entropy": 2.9163296330232,
        "kl_divergence": 0.7093060500636481
    },
    "groundedness": {
        "correlation": {
            "Pearson": 0.6232023112745826,
            "Spearman": 0.631797074860721,
            "Kendall": 0.5560358430087989
        },
        "human_scores": {
            "0.0": 70,
            "0.3333333333": 11,
            "0.6666666667": 25,
            "1.0": 74
        },
        "auto_scores": {
            "0.0": 98,
            "2.0": 7,
            "3.0": 2,
            "4.0": 7,
            "6.0": 21,
            "7.0": 4,
            "8.0": 13,
            "9.0": 1,
            "10.0": 27
        },
        "human_scores_entropy": 1.6990780252626285,
        "auto_scores_entropy": 2.1236815496369044,
        "kl_divergence": -0.08573324579915985
    },
    "naturalness": {
        "correlation": {
            "Pearson": 0.5649055169485069,
            "Spearman": 0.5486815428753721,
            "Kendall": 0.4371812039688111
        },
        "human_scores": {
            "1.0": 14,
            "1.3333333333": 14,
            "1.6666666667": 26,
            "2.0": 23,
            "2.3333333333": 34,
            "2.6666666667": 27,
            "3.0": 42
        },
        "auto_scores": {
            "1.0": 31,
            "2.0": 40,
            "3.0": 26,
            "4.0": 3,
            "6.0": 33,
            "7.0": 12,
            "8.0": 5,
            "9.0": 20,
            "10.0": 10
        },
        "human_scores_entropy": 2.710229060795087,
        "auto_scores_entropy": 2.8575443804415634,
        "kl_divergence": 0.6948974889372843
    },
    "average": {
        "Pearson": 0.6121155396079476,
        "Spearman": 0.6069585272043708,
        "Kendall": 0.4996473177165477
    }
}