{
    "coherence": {
        "correlation": {
            "Pearson": 0.5033762145341099,
            "Spearman": 0.517515676597485,
            "Kendall": 0.450450543113569
        },
        "human_scores": {
            "1.0": 16,
            "1.3333333333": 17,
            "1.6666666667": 20,
            "2.0": 23,
            "2.3333333333": 33,
            "2.6666666667": 27,
            "3.0": 44
        },
        "auto_scores": {
            "1.0": 101,
            "2.0": 71,
            "3.0": 8
        },
        "human_scores_entropy": 2.7194680135207965,
        "auto_scores_entropy": 1.1967897338698763,
        "kl_divergence": 0.6848208749439918
    },
    "engagingness": {
        "correlation": {
            "Pearson": 0.5898431380567712,
            "Spearman": 0.6092105685484668,
            "Kendall": 0.529241289374506
        },
        "human_scores": {
            "1.0": 18,
            "1.3333333333": 25,
            "1.6666666667": 26,
            "2.0": 27,
            "2.3333333333": 21,
            "2.6666666667": 27,
            "3.0": 36
        },
        "auto_scores": {
            "1.0": 125,
            "2.0": 50,
            "3.0": 5
        },
        "human_scores_entropy": 2.7780398825013264,
        "auto_scores_entropy": 1.0222670655189305,
        "kl_divergence": 0.7930451558087122
    },
    "groundedness": {
        "correlation": {
            "Pearson": 0.5295794978674835,
            "Spearman": 0.5578507946937169,
            "Kendall": 0.4986075048372108
        },
        "human_scores": {
            "0.0": 70,
            "0.3333333333": 11,
            "0.6666666667": 25,
            "1.0": 74
        },
        "auto_scores": {
            "0.0": 120,
            "0.2": 1,
            "0.3": 5,
            "0.5": 24,
            "1.0": 30
        },
        "human_scores_entropy": 1.6990780252626285,
        "auto_scores_entropy": 1.3936179305906617,
        "kl_divergence": 0.37937359491912137
    },
    "naturalness": {
        "correlation": {
            "Pearson": 0.4343643980372248,
            "Spearman": 0.4629251329852271,
            "Kendall": 0.40380548540276057
        },
        "human_scores": {
            "1.0": 14,
            "1.3333333333": 14,
            "1.6666666667": 26,
            "2.0": 23,
            "2.3333333333": 34,
            "2.6666666667": 27,
            "3.0": 42
        },
        "auto_scores": {
            "1.0": 140,
            "2.0": 36,
            "3.0": 4
        },
        "human_scores_entropy": 2.710229060795087,
        "auto_scores_entropy": 0.8684257495284605,
        "kl_divergence": 1.2264804161502454
    },
    "average": {
        "Pearson": 0.5142908121238974,
        "Spearman": 0.5368755432062239,
        "Kendall": 0.4705262056820116
    }
}