{
    "coherence": {
        "correlation": {
            "Pearson": 0.4828350917234435,
            "Spearman": 0.4990656632321092,
            "Kendall": 0.4217893254167313
        },
        "human_scores": {
            "1.0": 16,
            "1.3333333333": 17,
            "1.6666666667": 20,
            "2.0": 23,
            "2.3333333333": 33,
            "2.6666666667": 27,
            "3.0": 44
        },
        "auto_scores": {
            "1.0": 103,
            "2.0": 48,
            "3.0": 29
        },
        "human_scores_entropy": 2.7194680135207965,
        "auto_scores_entropy": 1.393690856367527,
        "kl_divergence": 0.3385300960581725
    },
    "engagingness": {
        "correlation": {
            "Pearson": 0.6181498715210865,
            "Spearman": 0.6257141501833214,
            "Kendall": 0.5472524078232273
        },
        "human_scores": {
            "1.0": 18,
            "1.3333333333": 25,
            "1.6666666667": 26,
            "2.0": 27,
            "2.3333333333": 21,
            "2.6666666667": 27,
            "3.0": 36
        },
        "auto_scores": {
            "1.0": 103,
            "2.0": 75,
            "3.0": 2
        },
        "human_scores_entropy": 2.7780398825013264,
        "auto_scores_entropy": 1.0592366736237717,
        "kl_divergence": 0.9933009464653355
    },
    "groundedness": {
        "correlation": {
            "Pearson": 0.6178563249288566,
            "Spearman": 0.6368701004801287,
            "Kendall": 0.566124824043054
        },
        "human_scores": {
            "0.0": 70,
            "0.3333333333": 11,
            "0.6666666667": 25,
            "1.0": 74
        },
        "auto_scores": {
            "0.0": 96,
            "1.0": 45,
            "2.0": 37,
            "3.0": 2
        },
        "human_scores_entropy": 1.6990780252626285,
        "auto_scores_entropy": 1.5249666300389109,
        "kl_divergence": 0.3571969816424198
    },
    "naturalness": {
        "correlation": {
            "Pearson": 0.5629182731463228,
            "Spearman": 0.583606408141949,
            "Kendall": 0.5055528587398959
        },
        "human_scores": {
            "1.0": 14,
            "1.3333333333": 14,
            "1.6666666667": 26,
            "2.0": 23,
            "2.3333333333": 34,
            "2.6666666667": 27,
            "3.0": 42
        },
        "auto_scores": {
            "1.0": 95,
            "2.0": 67,
            "3.0": 18
        },
        "human_scores_entropy": 2.710229060795087,
        "auto_scores_entropy": 1.3495036042292725,
        "kl_divergence": 0.42380641044518635
    },
    "average": {
        "Pearson": 0.5704398903299273,
        "Spearman": 0.5863140805093772,
        "Kendall": 0.5101798540057271
    }
}