{
    "coherence": {
        "correlation": {
            "Pearson": 0.5339671220803411,
            "Spearman": 0.5481506988762445,
            "Kendall": 0.46913875332951177
        },
        "human_scores": {
            "1.0": 16,
            "1.3333333333": 17,
            "1.6666666667": 20,
            "2.0": 23,
            "2.3333333333": 33,
            "2.6666666667": 27,
            "3.0": 44
        },
        "auto_scores": {
            "1.0": 83,
            "2.0": 71,
            "3.0": 26
        },
        "human_scores_entropy": 2.7194680135207965,
        "auto_scores_entropy": 1.44756559100581,
        "kl_divergence": 0.2558916097118638
    },
    "engagingness": {
        "correlation": {
            "Pearson": 0.6643804076165312,
            "Spearman": 0.6697916839649807,
            "Kendall": 0.5822298418437964
        },
        "human_scores": {
            "1.0": 18,
            "1.3333333333": 25,
            "1.6666666667": 26,
            "2.0": 27,
            "2.3333333333": 21,
            "2.6666666667": 27,
            "3.0": 36
        },
        "auto_scores": {
            "1.0": 74,
            "2.0": 87,
            "3.0": 19
        },
        "human_scores_entropy": 2.7780398825013264,
        "auto_scores_entropy": 1.3765961188251759,
        "kl_divergence": 0.22332363421607804
    },
    "groundedness": {
        "correlation": {
            "Pearson": 0.6386301729565712,
            "Spearman": 0.6548215580977786,
            "Kendall": 0.6116663171983985
        },
        "human_scores": {
            "0.0": 70,
            "0.3333333333": 11,
            "0.6666666667": 25,
            "1.0": 74
        },
        "auto_scores": {
            "0.0": 108,
            "1.0": 69,
            "2.0": 3
        },
        "human_scores_entropy": 1.6990780252626285,
        "auto_scores_entropy": 1.0709035115879428,
        "kl_divergence": 0.0691004074422304
    },
    "naturalness": {
        "correlation": {
            "Pearson": 0.5386406957964766,
            "Spearman": 0.5477609823473962,
            "Kendall": 0.4728097005113573
        },
        "human_scores": {
            "1.0": 14,
            "1.3333333333": 14,
            "1.6666666667": 26,
            "2.0": 23,
            "2.3333333333": 34,
            "2.6666666667": 27,
            "3.0": 42
        },
        "auto_scores": {
            "1.0": 88,
            "2.0": 70,
            "3.0": 22
        },
        "human_scores_entropy": 2.710229060795087,
        "auto_scores_entropy": 1.4052570450171726,
        "kl_divergence": 0.33859100206679926
    },
    "average": {
        "Pearson": 0.59390459961248,
        "Spearman": 0.6051312308216,
        "Kendall": 0.533961153220766
    }
}