{
    "coherence": {
        "correlation": {
            "Pearson": 0.5149368302558073,
            "Spearman": 0.5274258706582331,
            "Kendall": 0.4570524987118031
        },
        "human_scores": {
            "1.0": 16,
            "1.3333333333": 17,
            "1.6666666667": 20,
            "2.0": 23,
            "2.3333333333": 33,
            "2.6666666667": 27,
            "3.0": 44
        },
        "auto_scores": {
            "1.0": 101,
            "2.0": 66,
            "3.0": 13
        },
        "human_scores_entropy": 2.7194680135207965,
        "auto_scores_entropy": 1.2723248298217669,
        "kl_divergence": 0.5241478490586078
    },
    "engagingness": {
        "correlation": {
            "Pearson": 0.627094846047319,
            "Spearman": 0.6377371939328453,
            "Kendall": 0.5577313779919679
        },
        "human_scores": {
            "1.0": 18,
            "1.3333333333": 25,
            "1.6666666667": 26,
            "2.0": 27,
            "2.3333333333": 21,
            "2.6666666667": 27,
            "3.0": 36
        },
        "auto_scores": {
            "1.0": 114,
            "2.0": 63,
            "3.0": 3
        },
        "human_scores_entropy": 2.7780398825013264,
        "auto_scores_entropy": 1.045892072455015,
        "kl_divergence": 0.8988268467476147
    },
    "groundedness": {
        "correlation": {
            "Pearson": 0.6341725498647738,
            "Spearman": 0.644422396381088,
            "Kendall": 0.5785703267476014
        },
        "human_scores": {
            "0.0": 70,
            "0.3333333333": 11,
            "0.6666666667": 25,
            "1.0": 74
        },
        "auto_scores": {
            "0.0": 89,
            "1.0": 30,
            "2.0": 52,
            "3.0": 9
        },
        "human_scores_entropy": 1.6990780252626285,
        "auto_scores_entropy": 1.6668576319931048,
        "kl_divergence": 0.6142731108829735
    },
    "naturalness": {
        "correlation": {
            "Pearson": 0.5613670204230663,
            "Spearman": 0.5743563739889208,
            "Kendall": 0.4977889923883692
        },
        "human_scores": {
            "1.0": 14,
            "1.3333333333": 14,
            "1.6666666667": 26,
            "2.0": 23,
            "2.3333333333": 34,
            "2.6666666667": 27,
            "3.0": 42
        },
        "auto_scores": {
            "1.0": 100,
            "2.0": 61,
            "3.0": 19
        },
        "human_scores_entropy": 2.710229060795087,
        "auto_scores_entropy": 1.34256854452836,
        "kl_divergence": 0.43836255584832473
    },
    "average": {
        "Pearson": 0.5843928116477415,
        "Spearman": 0.5959854587402718,
        "Kendall": 0.5227857989599354
    }
}